Timesteps,AmgClassCPU,AmgFreeCPU,CgDiagCPU,CgLusgsCPU,GmresDiagCPU,GmresLusgsCPU,CgDiagGPU,GmresDiagGPU
1,1.12,0.89,0.71,0.73,0.97,0.69,3.07,3.10
2,4.16,4.12,3.64,3.72,4.04,4.07,7.45,7.40
3,4.70,4.52,4.04,4.09,4.51,4.49,8.16,8.16
4,5.24,4.92,4.46,4.47,4.98,4.92,8.89,8.94
5,5.78,5.32,4.88,4.85,5.45,5.34,9.62,9.68
6,6.32,5.73,5.31,5.24,5.99,5.76,10.37,10.47
7,6.88,6.14,5.76,5.63,6.59,6.18,13.34,11.32
8,7.43,6.57,6.22,6.03,7.19,6.61,15.75,12.18
9,7.98,6.98,6.67,6.43,7.73,7.04,17.57,13.01
10,8.52,7.39,7.13,6.82,8.27,7.46,19.44,13.80
11,9.07,7.81,7.58,7.21,8.81,7.89,20.73,14.60
12,9.60,8.22,8.04,7.60,9.34,8.31,22.01,15.41
13,10.18,8.64,8.51,8.00,9.88,8.74,23.29,16.21
14,10.76,9.05,8.97,8.39,10.42,9.17,25.13,17.01
15,11.30,9.46,9.45,8.79,10.96,9.59,26.40,17.80
16,11.85,9.88,9.95,9.19,11.50,10.02,27.11,18.59
17,12.46,10.29,10.40,9.58,12.04,10.45,28.98,19.39
18,13.02,10.74,10.85,9.97,12.61,10.87,30.90,20.20
19,13.61,11.33,11.30,10.37,13.12,11.30,32.15,20.96
20,14.13,11.80,11.73,10.75,13.66,11.72,33.45,21.76
21,14.75,12.27,12.17,11.14,14.20,12.15,36.45,22.56
22,15.54,12.75,12.63,11.54,14.80,12.62,37.76,23.46
23,16.29,13.22,13.06,11.93,15.38,13.05,39.68,24.31
24,16.90,13.69,13.49,12.32,15.88,13.48,41.54,25.09
25,17.48,14.13,13.92,12.70,16.42,13.90,42.87,25.88
26,18.05,14.57,14.35,13.09,16.96,14.33,44.16,26.67
27,18.75,15.20,14.82,13.49,17.57,14.80,46.04,27.51
28,19.56,16.14,15.27,13.89,18.21,15.27,47.32,28.37
29,20.38,16.80,15.76,14.29,18.84,15.74,49.22,29.24
30,21.08,17.51,16.20,14.68,19.38,16.17,49.97,30.03
31,21.61,18.17,16.65,15.08,19.99,16.64,50.70,30.87
32,22.14,18.80,17.09,15.47,20.60,17.11,51.98,31.71
33,22.67,19.34,17.55,15.87,21.13,17.53,54.37,32.50
34,23.42,19.95,18.01,16.27,21.74,18.00,55.13,33.33
35,24.10,20.47,18.43,16.65,22.24,18.43,55.83,34.14
36,24.74,20.96,18.85,17.04,22.75,18.85,57.72,34.91
37,25.33,21.40,19.28,17.42,23.25,19.28,59.58,35.68
38,25.96,21.89,19.72,17.81,23.76,19.70,60.88,36.50
39,26.75,22.51,20.16,18.21,24.40,20.17,61.65,37.39
40,27.48,23.08,20.60,18.60,24.97,20.60,62.95,38.20
41,28.02,23.67,21.06,19.00,25.54,21.02,63.67,39.02
42,28.68,24.20,21.48,19.39,26.08,21.45,64.38,39.82
43,29.32,24.70,21.90,19.77,26.58,21.87,65.63,40.59
44,29.96,25.19,22.33,20.15,27.09,22.30,66.95,41.38
45,30.68,25.75,22.78,20.55,27.66,22.72,67.70,42.22
46,31.20,26.29,23.22,20.94,28.16,23.15,68.39,42.99
47,31.74,26.93,23.65,21.34,28.80,23.62,69.66,43.86
48,32.28,27.55,24.09,21.74,29.40,24.09,70.38,44.70
49,32.80,28.11,24.53,22.14,29.94,24.51,72.23,45.49
50,33.33,28.61,24.95,22.52,30.48,24.94,74.10,46.28
51,33.88,29.09,25.37,22.90,30.98,25.36,74.86,47.05
52,34.41,29.53,25.80,23.29,31.49,25.79,75.61,47.83
53,34.93,30.00,26.24,23.67,31.99,26.21,76.88,48.60
54,35.46,30.49,26.68,24.06,32.50,26.64,78.17,49.38
55,36.00,30.95,27.12,24.45,33.00,27.06,78.93,50.18
56,36.64,31.59,27.55,24.85,33.64,27.53,79.69,51.04
57,37.25,32.20,27.99,25.24,34.24,28.00,82.69,51.88
58,37.88,32.78,28.43,25.64,34.81,28.42,85.17,52.70
59,38.41,33.33,28.86,26.03,35.35,28.85,86.48,53.53
60,38.93,33.75,29.29,26.41,35.86,29.27,88.35,54.30
61,39.46,34.24,29.72,26.80,36.39,29.70,89.62,55.10
62,40.25,34.73,30.14,27.18,36.93,30.12,90.36,55.89
63,40.78,35.24,30.58,27.57,37.47,30.55,92.78,56.68
64,41.30,35.69,30.99,27.94,37.94,30.97,93.51,57.44
65,41.83,36.14,31.42,28.33,38.45,31.40,94.84,58.24
66,42.35,36.60,31.86,28.71,38.95,31.82,95.59,59.01
67,43.05,37.24,32.30,29.11,39.59,32.29,96.89,59.89
68,43.71,37.83,32.73,29.51,40.12,32.76,97.64,60.72
69,44.34,38.42,33.19,29.91,40.73,33.23,98.97,61.53
70,44.95,38.98,33.63,30.31,41.30,33.65,100.30,62.36
71,45.59,39.56,34.09,30.70,41.83,34.08,101.56,63.18
72,46.15,40.04,34.50,31.08,42.34,34.50,102.84,63.95
73,46.66,40.46,34.92,31.46,42.81,34.93,103.61,64.70
74,47.20,41.44,35.36,31.85,43.38,35.35,104.91,65.53
75,47.72,41.83,35.80,32.24,43.98,35.82,105.65,66.38
76,48.25,42.21,36.23,32.63,44.55,36.25,106.99,67.23
77,48.75,42.59,36.67,33.03,45.12,36.67,107.73,68.04
78,49.29,42.97,37.12,33.43,45.72,37.14,110.13,68.89
79,50.08,43.37,37.57,33.83,46.33,37.61,111.99,69.73
80,50.71,43.79,38.02,34.22,46.93,38.07,112.74,70.58
81,51.25,44.39,38.49,34.63,47.53,38.54,113.47,71.41
82,51.78,44.95,38.92,35.01,48.07,38.97,114.21,72.21
83,52.31,45.45,39.37,35.42,48.61,39.43,116.07,73.00
84,53.04,45.92,39.83,35.82,49.18,39.86,116.79,73.82
85,53.57,46.38,40.29,36.21,49.71,40.28,118.62,74.62
86,54.10,46.84,40.74,36.61,50.25,40.71,119.92,75.41
87,54.62,47.29,41.18,36.99,50.75,41.13,121.76,76.18
88,55.14,47.73,41.62,37.38,51.26,41.55,122.52,76.96
89,55.68,48.17,42.07,37.77,51.76,41.98,124.35,77.73
90,56.20,48.62,42.52,38.17,52.30,42.40,125.69,78.52
91,56.73,49.08,42.93,38.55,52.83,42.82,126.41,79.32
92,57.28,49.52,43.35,38.93,53.30,43.25,128.20,80.07
93,57.86,49.96,43.75,39.31,53.77,43.67,130.64,80.86
94,58.38,50.39,44.16,39.68,54.24,44.10,131.95,81.62
95,58.91,50.83,44.58,40.06,54.71,44.52,133.24,82.38
96,59.43,51.27,45.01,40.44,55.25,44.94,135.67,83.21
97,60.00,51.71,45.44,40.83,55.75,45.37,136.43,83.99
98,60.59,52.16,45.87,41.21,56.29,45.79,137.19,84.84
99,61.16,52.61,46.29,41.60,56.79,46.22,137.93,85.66
100,61.77,53.08,46.73,41.99,57.40,46.68,139.22,86.55
101,62.34,53.50,47.14,42.37,57.90,47.11,139.95,87.39
102,62.92,53.95,47.60,42.77,58.47,47.53,141.25,88.26
103,63.44,54.40,48.05,43.16,59.04,47.96,142.59,89.13
104,63.96,54.84,48.49,43.55,59.57,48.38,144.48,89.98
105,64.49,55.30,48.94,43.94,60.11,48.80,146.98,90.81
106,65.01,55.76,49.38,44.33,60.65,49.23,148.30,91.66
107,65.53,56.22,49.81,44.71,61.15,49.65,149.61,92.47
108,66.06,56.68,50.24,45.10,61.65,50.07,151.49,93.28
109,66.58,57.14,50.68,45.48,62.15,50.50,152.21,94.07
110,67.13,57.60,51.13,45.87,62.66,50.92,153.49,94.89
111,67.67,58.06,51.59,46.27,63.19,51.35,155.35,95.73
112,68.21,58.53,52.02,46.66,63.73,51.77,156.06,96.57
113,68.73,58.99,52.44,47.04,64.27,52.19,157.33,97.37
114,69.24,59.46,52.87,47.42,64.80,52.62,158.04,98.18
115,69.75,59.93,53.31,47.80,65.34,53.04,159.86,99.01
116,70.27,60.40,53.74,48.18,65.88,53.46,161.18,99.81
117,70.78,60.88,54.19,48.56,66.41,53.89,161.89,100.61
118,71.31,61.36,54.62,48.94,66.92,54.31,163.19,101.39
119,72.10,62.10,55.07,49.33,67.45,54.74,165.09,102.19
120,72.63,62.51,55.52,49.73,68.02,55.16,165.84,103.03
121,73.17,63.05,55.97,50.13,68.66,55.63,167.11,103.91
122,73.70,63.43,56.41,50.52,69.23,56.05,167.85,104.77
123,74.29,63.81,56.86,50.92,69.86,56.52,169.69,105.64
124,74.86,64.20,57.29,51.30,70.43,56.94,170.44,106.46
125,75.42,64.58,57.74,51.70,71.00,57.37,171.19,107.30
126,75.98,64.98,58.17,52.09,71.57,57.79,173.56,108.17
127,76.51,65.37,58.61,52.48,72.11,58.21,174.29,109.00
128,77.03,65.77,59.05,52.87,72.64,58.64,176.72,109.81
129,77.56,66.18,59.49,53.26,73.25,59.10,178.03,110.67
130,78.09,66.56,59.93,53.64,73.78,59.53,178.76,111.49
131,78.65,66.99,60.36,54.03,74.35,59.95,180.06,112.37
132,79.17,67.53,60.80,54.42,74.92,60.38,182.50,113.22
133,79.70,68.00,61.24,54.80,75.49,60.80,183.76,114.05
134,80.33,68.73,61.66,55.19,76.03,61.22,186.25,114.85
135,80.96,69.23,62.10,55.57,76.56,61.65,187.02,115.66
136,81.60,69.72,62.53,55.95,77.10,62.07,188.27,116.47
137,82.21,70.20,62.96,56.33,77.64,62.49,189.04,117.30
138,82.74,70.67,63.39,56.72,78.17,62.92,189.79,118.11
139,83.26,71.15,63.82,57.10,78.71,63.34,191.08,118.95
140,83.78,71.62,64.25,57.48,79.21,63.76,191.82,119.73
141,84.37,72.09,64.69,57.87,79.72,64.19,192.53,120.51
142,84.92,72.52,65.12,58.25,80.22,64.61,193.24,121.30
143,85.49,72.97,65.57,58.65,80.76,65.04,195.14,122.14
144,86.01,73.44,66.00,59.04,81.26,65.46,196.96,122.96
145,86.52,73.90,66.41,59.41,81.79,65.88,197.69,123.77
146,87.09,74.38,66.84,59.79,82.30,66.31,198.42,124.55
147,87.63,74.80,67.26,60.16,82.77,66.73,199.15,125.32
148,88.21,75.29,67.68,60.55,83.30,67.15,199.88,126.16
149,88.77,75.76,68.10,60.93,83.84,67.58,200.58,127.00
150,89.28,76.23,68.51,61.30,84.38,68.00,201.28,127.81
151,89.79,76.63,68.93,61.68,84.88,68.42,202.56,128.57
152,90.30,77.04,69.33,62.06,85.35,68.85,203.28,129.33
153,90.83,77.47,69.74,62.43,85.85,69.27,204.02,130.12
154,91.35,77.92,70.15,62.81,86.36,69.70,204.74,130.94
155,91.87,78.39,70.56,63.19,86.86,70.12,205.49,131.74
156,92.38,78.86,70.98,63.56,87.33,70.54,206.21,132.50
157,92.91,79.34,71.40,63.94,87.80,70.97,208.02,133.27
158,93.43,79.81,71.81,64.31,88.30,71.39,208.77,134.09
159,93.95,80.30,72.23,64.69,88.84,71.81,210.64,134.89
160,94.46,80.80,72.66,65.06,89.41,72.24,211.97,135.71
161,95.00,81.32,73.10,65.45,89.98,72.66,212.70,136.54
162,95.54,82.06,73.54,65.84,90.58,73.08,214.51,137.44
163,96.10,82.48,73.99,66.24,91.22,73.55,215.78,138.35
164,96.66,82.92,74.45,66.64,91.85,74.02,217.61,139.22
165,97.45,83.49,74.91,67.05,92.49,74.49,219.46,140.10
166,97.98,84.02,75.35,67.43,93.03,74.91,221.38,140.91
167,98.52,84.41,75.78,67.82,93.56,75.33,222.67,141.76
168,99.05,84.79,76.20,68.20,94.13,75.76,224.51,142.64
169,99.60,85.18,76.61,68.58,94.67,76.18,225.79,143.46
170,100.12,85.56,77.04,68.97,95.20,76.60,228.19,144.28
171,100.65,85.94,77.47,69.35,95.74,77.03,229.48,145.14
172,101.17,86.33,77.89,69.73,96.28,77.45,231.35,145.99
173,101.69,86.71,78.30,70.11,96.78,77.87,232.60,146.81
174,102.23,87.10,78.71,70.49,97.28,78.30,233.92,147.60
175,102.76,87.48,79.14,70.87,97.78,78.72,234.68,148.39
176,103.32,87.88,79.60,71.25,98.35,79.14,235.94,149.26
177,103.84,88.29,80.02,71.64,98.89,79.57,237.25,150.08
178,104.37,88.76,80.48,72.03,99.43,79.99,238.48,150.93
179,104.95,89.31,80.98,72.43,99.96,80.42,239.80,151.74
180,105.50,89.74,81.42,72.82,100.47,80.84,241.08,152.53
181,106.01,90.23,81.85,73.20,100.97,81.26,241.80,153.33
182,106.53,90.72,82.28,73.58,101.47,81.69,242.55,154.12
183,107.08,91.17,82.70,73.96,101.97,82.11,243.24,154.95
184,107.59,91.74,83.11,74.33,102.44,82.53,245.05,155.73
185,108.12,92.46,83.58,74.73,102.95,82.96,245.80,156.52
186,108.64,92.83,84.00,75.11,103.42,83.38,247.09,157.30
187,109.19,93.21,84.42,75.48,103.92,83.80,247.81,158.12
188,109.74,93.58,84.83,75.86,104.42,84.23,248.53,158.95
189,110.25,93.97,85.25,76.24,104.93,84.65,249.24,159.73
190,110.77,94.35,85.67,76.62,105.43,85.07,250.00,160.52
191,111.28,94.74,86.07,77.00,105.90,85.50,251.90,161.29
192,111.80,95.11,86.49,77.37,106.40,85.92,253.18,162.13
193,112.31,95.50,86.90,77.75,106.90,86.35,254.43,162.95
194,112.89,95.88,87.33,78.13,107.41,86.77,255.71,163.74
195,113.49,96.27,87.75,78.51,107.91,87.19,256.43,164.54
196,114.02,96.65,88.16,78.89,108.41,87.62,257.15,165.36
197,114.54,97.04,88.59,79.28,108.95,88.04,257.90,166.17
198,115.06,97.41,89.01,79.66,109.49,88.46,259.16,166.98
199,115.56,97.78,89.44,80.05,110.02,88.89,259.90,167.80
200,116.09,98.17,89.88,80.44,110.59,89.31,260.64,168.66
201,116.61,98.57,90.32,80.83,111.20,89.78,261.38,169.52
202,117.15,98.98,90.77,81.23,111.83,90.25,263.29,170.41
203,117.72,99.52,91.23,81.64,112.47,90.71,265.19,171.33
204,118.25,100.05,91.67,82.03,113.00,91.14,265.94,172.16
205,118.77,100.44,92.10,82.42,113.57,91.56,266.69,173.02
206,119.29,100.82,92.53,82.81,114.08,91.98,267.96,173.82
207,119.82,101.21,92.95,83.19,114.61,92.41,268.68,174.67
208,120.33,101.58,93.36,83.57,115.15,92.83,271.66,175.53
209,120.84,101.95,93.78,83.94,115.69,93.26,272.94,176.36
210,121.35,102.32,94.19,84.32,116.19,93.68,274.24,177.20
211,121.86,102.69,94.60,84.69,116.69,94.10,275.00,178.03
212,122.37,103.06,95.00,85.07,117.16,94.53,276.23,178.84
213,122.89,103.45,95.43,85.45,117.66,94.95,277.53,179.68
214,123.42,103.83,95.85,85.84,118.23,95.37,278.84,180.54
215,123.94,104.22,96.26,86.21,118.74,95.80,280.73,181.34
216,124.46,104.63,96.70,86.60,119.24,96.22,282.57,182.17
217,125.01,105.06,97.12,86.99,119.78,96.64,284.45,182.98
218,125.53,105.47,97.54,87.37,120.28,97.07,285.71,183.78
219,126.06,105.89,97.95,87.74,120.78,97.49,286.45,184.61
220,126.57,106.31,98.37,88.12,121.32,97.92,287.17,185.47
221,127.07,106.73,98.79,88.50,121.82,98.34,287.92,186.30
222,127.58,107.15,99.20,88.88,122.32,98.76,289.20,187.13
223,128.09,107.57,99.60,89.25,122.79,99.19,289.92,187.90
224,128.60,107.99,100.02,89.63,123.30,99.61,291.77,188.72
225,129.14,108.42,100.42,90.00,123.80,100.03,292.49,189.52
226,129.67,108.86,100.84,90.38,124.30,100.46,293.19,190.35
227,130.25,109.30,101.28,90.76,124.84,100.88,295.09,191.17
228,130.77,109.81,101.75,91.16,125.38,101.30,296.97,192.03
229,131.32,110.38,102.18,91.54,125.91,101.73,298.27,192.86
230,131.86,111.12,102.64,91.94,126.45,102.15,299.52,193.71
231,132.42,111.55,103.38,92.35,127.05,102.62,300.82,194.61
232,133.03,112.02,103.83,92.75,127.69,103.09,302.74,195.48
233,133.58,112.57,104.29,93.15,128.29,103.55,305.20,196.34
234,134.11,112.97,104.76,93.55,128.89,104.02,307.58,197.21
235,134.67,113.36,105.20,93.94,129.50,104.44,308.34,198.06
236,135.19,113.74,105.70,94.33,129.97,104.87,309.67,198.83
237,135.74,114.14,106.18,94.73,130.50,105.29,311.55,199.66
238,136.27,114.54,106.64,95.12,131.07,105.71,312.82,200.53
239,136.80,114.93,107.07,95.51,131.58,106.14,314.13,201.33
240,137.35,115.33,107.56,95.90,132.14,106.56,315.40,202.21
241,137.92,115.75,108.06,96.31,132.71,106.98,317.78,203.06
242,138.46,116.13,108.49,96.69,133.22,107.41,319.04,203.85
243,139.03,116.52,108.91,97.07,133.72,107.83,319.75,204.68
244,139.60,116.91,109.32,97.45,134.26,108.25,320.45,205.53
245,140.17,117.30,109.76,97.83,134.76,108.68,321.18,206.34
246,140.71,117.68,110.18,98.21,135.30,109.10,322.42,207.20
247,141.27,118.14,110.63,98.60,135.83,109.53,324.25,208.05
248,141.79,118.87,111.08,98.99,136.40,109.95,324.95,208.86
249,142.32,119.25,111.51,99.38,136.94,110.37,325.69,209.68
250,142.85,119.64,111.96,99.77,137.54,110.80,328.09,210.56
251,143.38,120.04,112.42,100.17,138.15,111.26,328.80,211.46
252,143.91,120.43,112.88,100.57,138.75,111.69,331.21,212.33
253,144.43,120.81,113.32,100.96,139.25,112.11,332.49,213.13
254,144.94,121.18,113.73,101.34,139.76,112.53,333.18,213.92
255,145.45,121.56,114.14,101.71,140.26,112.96,335.05,214.73
256,145.96,121.94,114.56,102.10,140.79,113.38,336.32,215.59
257,146.48,122.33,115.00,102.48,141.30,113.80,338.18,216.44
258,146.99,122.72,115.43,102.87,141.84,114.23,340.06,217.30
259,147.50,123.10,115.85,103.25,142.37,114.65,341.96,218.17
260,148.01,123.49,116.27,103.63,142.91,115.07,344.39,219.02
261,148.53,123.86,116.68,104.00,143.44,115.50,346.21,219.85
262,149.04,124.25,117.09,104.38,143.98,115.92,347.50,220.71
263,149.55,124.63,117.50,104.75,144.52,116.34,348.23,221.57
264,150.06,125.02,117.91,105.13,145.02,116.77,348.98,222.42
265,150.58,125.42,118.32,105.50,145.52,117.19,349.69,223.27
266,151.09,125.82,118.73,105.88,145.99,117.62,350.42,224.08
267,151.60,126.24,119.16,106.26,146.53,118.04,351.15,224.90
268,152.12,126.68,119.59,106.64,147.03,118.46,351.88,225.70
269,152.64,127.17,120.03,107.03,147.60,118.89,353.67,226.56
270,153.18,127.62,120.44,107.41,148.10,119.31,354.40,227.40
271,153.69,128.08,120.85,107.78,148.61,119.73,355.69,228.22
272,154.21,128.56,121.27,108.17,149.14,120.16,356.95,229.08
273,154.73,129.06,121.69,108.55,149.68,120.58,357.68,229.91
274,155.25,129.56,122.12,108.94,150.25,121.00,358.41,230.80
275,155.82,130.08,122.55,109.32,150.82,121.43,360.79,231.68
276,156.34,130.53,122.95,109.70,151.32,121.85,361.55,232.49
277,156.85,130.99,123.36,110.07,151.86,122.27,362.82,233.36
278,157.38,131.47,123.77,110.45,152.40,122.70,363.54,234.21
279,157.92,131.94,124.18,110.83,152.90,123.12,364.79,235.01
280,158.43,132.43,124.60,111.21,153.43,123.55,366.61,235.85
281,158.94,132.95,125.03,111.60,153.94,123.97,367.33,236.70
282,159.49,133.54,125.50,111.99,154.47,124.39,368.60,237.57
283,160.03,134.29,125.95,112.38,155.01,124.82,369.86,238.44
284,160.54,134.68,126.37,112.76,155.55,125.24,370.55,239.30
285,161.06,135.06,126.78,113.13,156.02,125.66,371.25,240.09
286,161.57,135.46,127.20,113.51,156.55,126.09,372.54,240.92
287,162.12,135.86,127.72,113.91,157.12,126.51,375.00,241.78
288,162.63,136.27,128.14,114.28,157.69,126.93,375.69,242.67
289,163.13,136.67,128.56,114.66,158.23,127.36,376.40,243.55
290,163.64,137.07,129.00,115.05,158.77,127.78,378.25,244.43
291,164.14,137.46,129.46,115.44,159.30,128.20,379.00,245.25
292,164.65,137.84,129.89,115.82,159.81,128.63,380.28,246.07
293,165.16,138.23,130.31,116.20,160.31,129.05,382.18,246.92
294,165.67,138.63,130.74,116.58,160.81,129.48,383.46,247.76
295,166.19,139.03,131.21,116.97,161.32,129.90,384.70,248.56
296,166.73,139.47,131.68,117.36,161.85,130.32,385.98,249.40
297,167.25,139.89,132.12,117.76,162.39,130.75,388.39,250.28
298,167.78,140.32,132.53,118.14,162.89,131.17,389.09,251.12
299,168.31,140.74,132.97,118.53,163.43,131.59,389.84,251.95
300,168.83,141.19,133.49,118.93,163.93,132.02,391.14,252.76
301,169.35,141.71,133.90,119.31,164.44,132.44,392.43,253.58
302,169.87,142.26,134.33,119.70,164.94,132.86,393.74,254.42
303,170.38,142.77,134.75,120.08,165.48,133.29,395.08,255.24
304,170.88,143.26,135.16,120.45,165.98,133.71,395.81,256.09
305,171.39,143.74,135.57,120.83,166.48,134.13,397.66,256.94
306,171.90,144.20,135.98,121.21,166.95,134.56,398.94,257.74
307,172.41,144.66,136.39,121.59,167.49,134.98,400.16,258.57
308,172.91,145.12,136.81,121.97,168.03,135.41,402.01,259.46
309,173.49,145.58,137.22,122.34,168.56,135.83,402.76,260.32
310,174.05,145.99,137.62,122.72,169.10,136.25,404.03,261.16
311,174.61,146.55,138.06,123.10,169.64,136.68,405.34,262.01
312,175.14,147.30,138.50,123.49,170.21,137.10,406.61,262.91
313,175.69,147.84,138.96,123.89,170.74,137.52,408.47,263.75
314,176.29,148.21,139.38,124.27,171.28,137.95,409.19,264.59
315,176.89,148.59,139.81,124.65,171.82,138.37,411.58,265.48
316,177.49,148.98,140.23,125.05,172.39,138.80,412.30,266.36
317,178.11,149.36,140.67,125.45,172.92,139.22,414.70,267.23
318,178.72,149.75,141.10,125.84,173.46,139.64,416.01,268.08
319,179.25,150.14,141.52,126.22,173.99,140.07,416.74,268.95
320,179.78,150.53,142.00,126.64,174.63,140.53,418.56,269.85
321,180.30,150.93,142.45,127.04,175.17,140.96,419.83,270.69
322,180.82,151.31,142.86,127.42,175.74,141.38,421.13,271.60
323,181.35,151.69,143.30,127.81,176.24,141.80,421.85,272.47
324,181.87,152.08,143.73,128.19,176.84,142.23,423.15,273.36
325,182.39,152.47,144.15,128.58,177.38,142.65,423.85,274.20
326,182.92,152.85,144.58,128.96,177.92,143.08,425.76,275.05
327,183.43,153.24,145.00,129.34,178.45,143.50,427.05,275.92
328,183.94,153.63,145.41,129.72,178.92,143.92,428.32,276.72
329,184.45,154.01,145.82,130.09,179.43,144.35,429.63,277.54
330,184.96,154.40,146.23,130.47,179.93,144.77,430.92,278.35
331,185.47,154.79,146.63,130.84,180.40,145.19,431.66,279.14
332,185.97,155.16,147.03,131.21,180.87,145.62,432.33,279.94
333,186.48,155.54,147.43,131.59,181.37,146.04,433.03,280.80
334,187.02,155.91,147.84,131.96,181.87,146.46,433.77,281.66
335,187.55,156.28,148.24,132.34,182.38,146.89,434.51,282.52
336,188.09,156.66,148.65,132.71,182.88,147.31,436.34,283.34
337,188.61,157.03,149.06,133.09,183.38,147.73,437.61,284.20
338,189.13,157.42,149.48,133.47,183.92,148.16,438.87,285.05
339,189.66,157.80,149.90,133.85,184.46,148.58,439.63,285.92
340,190.18,158.19,150.31,134.23,184.96,149.01,440.92,286.73
341,190.70,158.58,150.72,134.60,185.46,149.43,442.73,287.59
342,191.22,158.96,151.13,134.98,185.97,149.85,444.54,288.42
343,191.77,159.35,151.55,135.36,186.47,150.28,445.25,289.24
344,192.30,159.80,152.02,135.76,187.04,150.70,447.61,290.12
345,192.81,160.24,152.44,136.14,187.54,151.12,448.30,290.98
346,193.32,160.68,152.85,136.52,188.08,151.55,450.16,291.86
347,193.87,161.17,153.25,136.89,188.55,151.97,450.92,292.67
348,194.41,161.79,153.70,137.28,189.05,152.40,452.22,293.50
349,195.00,162.54,154.18,137.68,189.62,152.82,454.08,294.42
350,195.54,162.95,154.61,138.06,190.12,153.24,454.81,295.28
351,196.09,163.38,155.05,138.45,190.66,153.67,456.66,296.13
352,196.64,163.82,155.47,138.83,191.23,154.09,457.91,297.01
353,197.20,164.24,155.88,139.21,191.77,154.51,459.25,297.89
354,197.72,164.63,156.30,139.60,192.30,154.94,459.97,298.74
355,198.24,165.03,156.72,139.98,192.84,155.36,460.68,299.62
356,198.79,165.41,157.13,140.36,193.34,155.78,461.40,300.44
357,199.29,165.80,157.53,140.73,193.81,156.21,462.15,301.24
358,199.80,166.21,157.95,141.11,194.32,156.63,464.01,302.08
359,200.37,166.65,158.41,141.50,194.88,157.06,465.85,302.99
360,200.97,167.07,158.87,141.89,195.42,157.48,467.15,303.84
361,201.52,167.47,159.32,142.28,195.92,157.90,468.97,304.66
362,202.10,167.89,159.73,142.66,196.43,158.33,470.82,305.50
363,202.67,168.30,160.14,143.04,196.96,158.75,472.15,306.39
364,203.25,168.71,160.55,143.42,197.50,159.17,472.91,307.29
365,203.79,169.10,160.95,143.79,197.97,159.60,473.65,308.14
366,204.38,169.53,161.44,144.18,198.54,160.02,474.95,309.05
367,204.91,169.98,161.95,144.59,199.11,160.45,477.92,309.92
368,205.46,170.42,162.38,144.97,199.58,160.87,478.66,310.76
369,206.01,170.85,162.79,145.35,200.08,161.29,480.50,311.59
370,206.60,171.27,163.20,145.73,200.62,161.72,482.36,312.44
371,207.16,171.70,163.62,146.11,201.12,162.14,483.64,313.26
372,207.74,172.13,164.05,146.49,201.66,162.56,485.51,314.11
373,208.33,172.57,164.47,146.87,202.19,162.99,486.82,314.97
374,208.92,173.00,164.89,147.25,202.70,163.41,488.71,315.84
375,209.49,173.42,165.31,147.63,203.20,163.84,489.47,316.66
376,210.04,173.83,165.72,148.01,203.70,164.26,491.34,317.48
377,210.62,174.24,166.13,148.39,204.21,164.68,493.25,318.33
378,211.19,174.67,166.55,148.77,204.71,165.11,493.97,319.20
379,211.74,175.09,166.99,149.16,205.25,165.53,495.27,320.06
380,212.33,175.54,167.46,149.56,205.81,165.95,498.15,320.98
381,212.90,175.98,167.88,149.94,206.32,166.38,499.43,321.80
382,213.46,176.42,168.31,150.33,206.82,166.80,500.71,322.64
383,214.00,176.87,168.76,150.72,207.32,167.22,502.56,323.48
384,214.53,177.60,169.19,151.10,207.79,167.65,503.32,324.33
385,215.05,177.98,169.65,151.50,208.36,168.07,504.63,325.20
386,215.57,178.36,170.06,151.87,208.90,168.49,505.35,326.06
387,216.09,178.75,170.47,152.26,209.37,168.92,507.19,326.86
388,216.60,179.12,170.89,152.64,209.87,169.34,508.49,327.70
389,217.10,179.49,171.30,153.02,210.41,169.77,509.19,328.59
390,217.61,179.88,171.74,153.41,210.94,170.19,510.46,329.45
391,218.20,180.27,172.17,153.79,211.51,170.61,511.19,330.38
392,218.80,180.66,172.62,154.19,212.12,171.04,511.92,331.28
393,219.37,181.04,173.05,154.57,212.62,171.46,513.22,332.11
394,220.00,181.46,173.54,154.99,213.22,171.93,514.53,332.98
395,220.54,181.99,173.97,155.38,213.76,172.35,515.79,333.84
396,221.06,182.38,174.38,155.76,214.26,172.78,518.21,334.67
397,221.58,182.75,174.80,156.14,214.80,173.20,518.91,335.57
398,222.10,183.13,175.21,156.52,215.33,173.62,519.63,336.43
399,222.62,183.50,175.62,156.89,215.84,174.05,520.93,337.26
400,223.13,183.88,176.03,157.27,216.37,174.47,522.27,338.12
401,223.73,184.25,176.44,157.65,216.87,174.89,524.09,339.00
402,224.24,184.62,176.84,158.02,217.41,175.32,525.38,339.86
403,224.77,185.01,177.26,158.40,217.95,175.74,526.14,340.72
404,225.28,185.40,177.67,158.78,218.45,176.16,527.99,341.57
405,225.84,185.77,178.09,159.16,218.99,176.59,529.26,342.47
406,226.38,186.14,178.51,159.54,219.49,177.01,530.55,343.31
407,226.95,186.52,178.94,159.93,220.03,177.44,531.85,344.18
408,227.51,186.89,179.37,160.32,220.53,177.86,533.74,345.02
409,228.09,187.28,179.80,160.71,221.07,178.28,537.21,345.88
410,228.67,187.65,180.24,161.09,221.60,178.71,539.08,346.75
411,229.26,188.02,180.67,161.47,222.14,179.13,540.95,347.65
412,229.89,188.41,181.13,161.87,222.68,179.55,541.68,348.54
413,230.47,188.78,181.54,162.25,223.21,179.98,542.42,349.40
414,231.06,189.16,181.97,162.63,223.72,180.40,543.17,350.24
415,231.67,189.53,182.41,163.01,224.22,180.82,545.07,351.11
416,232.25,189.93,182.84,163.40,224.76,181.25,546.97,351.97
417,232.76,190.32,183.26,163.78,225.29,181.67,548.26,352.82
418,233.26,190.70,183.67,164.16,225.80,182.10,549.53,353.67
419,233.78,191.12,184.10,164.55,226.33,182.52,551.36,354.57
420,234.32,191.65,184.58,164.95,226.90,182.94,552.64,355.48
421,234.84,192.04,185.02,165.34,227.44,183.37,553.88,356.35
422,235.36,192.42,185.43,165.71,227.94,183.79,555.78,357.20
423,235.86,192.80,185.85,166.09,228.48,184.21,556.53,358.04
424,236.39,193.17,186.26,166.48,228.98,184.64,557.77,358.90
425,236.91,193.54,186.67,166.85,229.45,185.06,558.49,359.74
426,237.42,193.92,187.08,167.23,229.95,185.49,559.21,360.62
427,238.02,194.29,187.49,167.60,230.46,185.91,559.92,361.47
428,238.52,194.66,187.89,167.97,230.93,186.33,561.17,362.32
429,239.08,195.04,188.30,168.35,231.43,186.76,561.93,363.14
430,239.66,195.41,188.71,168.72,231.93,187.18,563.23,363.98
431,240.22,195.80,189.12,169.10,232.44,187.60,563.98,364.81
432,240.75,196.21,189.58,169.49,232.97,188.03,565.32,365.69
433,241.28,196.59,190.00,169.87,233.54,188.45,566.05,366.62
434,241.80,196.98,190.41,170.25,234.08,188.87,567.89,367.48
435,242.31,197.37,190.81,170.63,234.55,189.30,568.62,368.31
436,242.82,197.75,191.22,171.00,235.05,189.72,569.38,369.18
437,243.33,198.14,191.63,171.38,235.59,190.15,570.11,370.05
438,243.96,198.51,192.04,171.75,236.13,190.57,570.84,370.93
439,244.59,198.90,192.46,172.14,236.70,190.99,571.59,371.83
440,245.11,199.28,192.89,172.52,237.27,191.42,572.86,372.74
441,245.63,199.68,193.31,172.91,237.80,191.84,574.77,373.65
442,246.27,200.09,193.75,173.30,238.31,192.26,576.02,374.50
443,246.80,200.52,194.20,173.69,238.84,192.69,578.46,375.37
444,247.32,200.94,194.63,174.07,239.38,193.11,579.76,376.24
445,247.83,201.35,195.03,174.45,239.85,193.54,581.08,377.07
446,248.34,201.75,195.44,174.82,240.35,193.96,582.93,377.92
447,248.85,202.15,195.85,175.20,240.86,194.38,583.69,378.78
448,249.45,202.55,196.27,175.58,241.36,194.81,585.02,379.67
449,250.02,202.95,196.68,175.96,241.86,195.23,585.74,380.53
450,250.64,203.35,197.13,176.36,242.40,195.65,587.59,381.40
451,251.27,203.74,197.59,176.75,242.94,196.08,588.89,382.28
452,251.87,204.13,198.00,177.13,243.48,196.50,590.18,383.14
453,252.45,204.52,198.41,177.51,243.98,196.93,590.92,384.02
454,253.06,204.92,198.82,177.89,244.45,197.35,591.64,384.90
455,253.65,205.31,199.23,178.26,244.99,197.77,593.47,385.77
456,254.21,205.71,199.66,178.64,245.49,198.20,595.35,386.64
457,254.79,206.11,200.08,179.03,245.99,198.62,596.64,387.52
458,255.41,206.50,200.49,179.41,246.53,199.04,597.95,388.40
459,255.92,206.87,200.90,179.78,247.03,199.47,598.65,389.24
460,256.44,207.26,201.31,180.16,247.54,199.89,599.39,390.11
461,256.95,207.64,201.72,180.53,248.01,200.32,600.15,390.97
462,257.46,208.03,202.13,180.91,248.51,200.74,601.45,391.82
463,257.97,208.43,202.54,181.28,249.01,201.16,602.21,392.67
464,258.58,208.84,202.95,181.66,249.51,201.59,602.94,393.53
465,259.22,209.26,203.36,182.04,250.05,202.01,603.70,394.46
466,259.74,209.72,203.78,182.42,250.55,202.44,604.98,395.37
467,260.38,210.55,204.20,182.80,251.06,202.86,607.32,396.24
468,261.00,211.05,204.70,183.19,251.59,203.28,608.08,397.12
469,261.60,211.52,205.11,183.57,252.10,203.71,608.81,397.98
470,262.21,211.99,205.52,183.94,252.60,204.13,610.15,398.84
471,262.79,212.45,205.93,184.32,253.14,204.55,611.46,399.73
472,263.39,212.93,206.34,184.70,253.64,204.98,612.19,400.59
473,263.90,213.41,206.75,185.08,254.14,205.40,612.91,401.45
474,264.41,213.88,207.16,185.46,254.65,205.83,613.65,402.34
475,264.92,214.37,207.57,185.84,255.15,206.25,614.38,403.20
476,265.43,214.85,207.96,186.21,255.62,206.67,615.65,404.04
477,265.94,215.33,208.36,186.58,256.09,207.10,616.35,404.87
478,266.45,215.84,208.78,186.96,256.63,207.52,617.07,405.75
479,266.95,216.36,209.22,187.35,257.16,207.94,618.96,406.64
480,267.46,216.82,209.63,187.73,257.63,208.37,619.71,407.48
481,267.97,217.29,210.03,188.11,258.13,208.79,621.57,408.34
482,268.48,217.72,210.44,188.48,258.67,209.22,622.87,409.25
483,268.99,218.19,210.85,188.86,259.17,209.64,623.60,410.11
484,269.50,218.69,211.25,189.23,259.71,210.07,624.92,410.98
485,270.01,219.21,211.69,189.62,260.28,210.49,627.35,411.86
486,270.62,219.73,212.12,190.01,260.85,210.91,628.10,412.76
487,271.25,220.26,212.56,190.40,261.42,211.34,629.42,413.67
488,271.89,220.83,213.02,190.81,262.02,211.76,630.74,414.63
489,272.54,221.34,213.46,191.19,262.56,212.18,631.45,415.51
490,273.06,221.87,213.90,191.59,263.10,212.61,632.74,416.38
491,273.58,222.39,214.33,191.97,263.63,213.03,634.00,417.24
492,274.11,222.93,214.74,192.36,264.17,213.46,635.27,418.11
493,274.63,223.46,215.16,192.74,264.70,213.88,636.54,419.01
494,275.14,223.87,215.57,193.11,265.21,214.30,637.25,419.86
495,275.65,224.37,215.98,193.49,265.74,214.73,638.53,420.73
496,276.16,224.89,216.40,193.87,266.28,215.15,639.84,421.64
497,276.68,225.36,216.84,194.26,266.82,215.58,641.65,422.54
498,277.20,225.84,217.28,194.65,267.32,216.00,642.95,423.38
499,277.71,226.34,217.68,195.02,267.82,216.42,644.79,424.23
500,278.23,226.85,218.10,195.40,268.33,216.85,646.69,425.07
501,278.86,227.35,218.52,195.79,268.83,217.27,647.99,425.91
502,279.38,227.85,218.99,196.19,269.40,217.69,649.28,426.80
503,279.90,228.32,219.42,196.57,269.94,218.12,650.57,427.65
504,280.43,228.77,219.83,196.95,270.41,218.54,651.29,428.46
505,280.93,229.22,220.24,197.32,270.91,218.97,652.57,429.30
506,281.44,229.66,220.65,197.69,271.38,219.39,653.32,430.12
507,281.95,230.12,221.05,198.06,271.85,219.81,655.11,430.95
508,282.46,230.65,221.48,198.44,272.39,220.24,656.42,431.83
509,282.97,231.16,221.89,198.82,272.93,220.66,657.14,432.73
510,283.48,231.68,222.31,199.20,273.46,221.09,657.87,433.60
511,283.98,232.18,222.72,199.58,274.00,221.51,659.14,434.47
512,284.49,232.66,223.12,199.95,274.50,221.93,660.44,435.35
513,285.01,233.14,223.55,200.33,275.01,222.36,662.28,436.20
514,285.53,233.64,224.00,200.72,275.54,222.78,663.02,437.06
515,286.17,234.14,224.41,201.10,276.05,223.21,664.33,437.94
516,286.69,234.66,224.82,201.48,276.55,223.63,666.16,438.77
517,287.46,235.22,225.24,201.86,277.09,224.05,669.11,439.65
518,287.97,235.74,225.65,202.24,277.59,224.48,670.45,440.49
519,288.49,236.24,226.06,202.61,278.13,224.90,671.19,441.35
520,289.01,236.76,226.47,202.99,278.67,225.33,672.44,442.23
521,289.53,237.27,226.88,203.37,279.20,225.75,673.16,443.13
522,290.04,237.77,227.29,203.75,279.71,226.17,673.90,443.98
523,290.54,238.28,227.69,204.12,280.21,226.60,675.21,444.85
524,291.08,238.78,228.10,204.50,280.68,227.02,675.97,445.68
525,291.64,239.28,228.51,204.87,281.15,227.45,677.26,446.53
526,292.16,240.00,228.96,205.25,281.69,227.87,678.02,447.41
527,292.76,240.39,229.44,205.65,282.26,228.29,679.30,448.29
528,293.31,240.78,229.84,206.02,282.73,228.72,680.05,449.11
529,293.82,241.17,230.25,206.39,283.23,229.14,681.32,449.95
530,294.41,241.55,230.66,206.77,283.74,229.57,682.62,450.80
531,294.99,241.94,231.07,207.14,284.24,229.99,683.32,451.65
532,295.51,242.32,231.48,207.52,284.71,230.41,684.59,452.48
533,296.06,242.71,231.87,207.88,285.18,230.84,686.43,453.33
534,296.62,243.09,232.27,208.26,285.69,231.26,687.72,454.17
535,297.25,243.48,232.68,208.63,286.16,231.69,688.45,454.99
536,297.88,243.86,233.08,209.01,286.66,232.11,689.17,455.84
537,298.50,244.24,233.49,209.39,287.16,232.53,690.48,456.72
538,299.01,244.62,233.91,209.77,287.70,232.96,691.77,457.58
539,299.51,245.01,234.32,210.15,288.24,233.38,693.07,458.46
540,300.03,245.39,234.73,210.52,288.77,233.81,694.92,459.36
541,300.55,245.79,235.15,210.91,289.34,234.23,695.67,460.25
542,301.33,246.32,235.57,211.29,289.88,234.65,696.93,461.12
543,301.89,246.88,235.97,211.66,290.35,235.08,697.62,461.93
544,302.41,247.29,236.38,212.04,290.89,235.50,698.35,462.79
545,302.92,247.69,236.80,212.42,291.43,235.93,699.10,463.66
546,303.45,248.09,237.21,212.80,291.96,236.35,700.37,464.54
547,304.06,248.49,237.64,213.19,292.50,236.78,701.65,465.40
548,304.69,248.89,238.07,213.57,293.07,237.20,702.96,466.29
549,305.21,249.29,238.48,213.95,293.60,237.62,704.79,467.16
550,305.78,249.69,238.89,214.32,294.11,238.05,706.63,468.00
551,306.37,250.09,239.31,214.70,294.61,238.47,707.36,468.83
552,306.97,250.49,239.71,215.07,295.11,238.90,708.11,469.67
553,307.56,250.89,240.12,215.45,295.62,239.32,709.93,470.54
554,308.15,251.29,240.53,215.83,296.15,239.74,711.21,471.40
555,308.79,251.70,240.95,216.22,296.72,240.17,711.93,472.28
556,309.31,252.10,241.41,216.61,297.29,240.59,713.74,473.16
557,309.83,252.49,241.87,217.00,297.86,241.02,715.61,474.04
558,310.35,252.89,242.27,217.38,298.37,241.44,716.34,474.87
559,310.86,253.30,242.69,217.75,298.90,241.86,717.06,475.73
560,311.38,253.71,243.11,218.14,299.41,242.29,717.78,476.56
561,311.90,254.13,243.52,218.51,299.91,242.71,719.03,477.39
562,312.42,254.54,243.93,218.89,300.41,243.14,719.74,478.22
563,312.99,255.08,244.34,219.27,300.95,243.56,720.46,479.08
564,313.54,255.73,244.76,219.65,301.45,243.98,721.17,479.93
565,314.11,256.31,245.15,220.01,301.92,244.41,721.91,480.74
566,314.75,256.78,245.57,220.40,302.49,244.83,723.75,481.62
567,315.46,257.25,245.99,220.78,303.03,245.26,725.02,482.48
568,316.24,257.66,246.41,221.16,303.57,245.68,726.36,483.34
569,316.75,258.09,246.82,221.54,304.07,246.10,727.66,484.17
570,317.27,258.53,247.22,221.92,304.54,246.53,728.38,485.01
571,317.79,258.99,247.63,222.29,305.04,246.95,730.19,485.83
572,318.31,259.46,248.04,222.67,305.55,247.38,731.51,486.66
573,318.92,259.92,248.45,223.05,306.05,247.80,732.22,487.49
574,319.52,260.39,248.86,223.42,306.55,248.23,733.52,488.32
575,320.11,260.85,249.26,223.80,307.06,248.65,734.28,489.14
576,320.70,261.32,249.67,224.18,307.59,249.07,735.02,489.96
577,321.30,261.78,250.08,224.55,308.10,249.50,737.44,490.79
578,321.82,262.25,250.48,224.93,308.60,249.92,738.16,491.62
579,322.34,262.70,250.89,225.30,309.10,250.35,739.41,492.45
580,322.86,263.15,251.30,225.68,309.61,250.77,740.68,493.27
581,323.38,263.61,251.70,226.05,310.08,251.19,741.40,494.07
582,323.90,264.05,252.10,226.43,310.55,251.62,742.70,494.88
583,324.51,264.47,252.52,226.81,311.05,252.04,743.96,495.71
584,325.12,264.89,252.97,227.19,311.59,252.47,746.36,496.55
585,325.72,265.35,253.42,227.59,312.12,252.89,747.08,497.40
586,326.35,265.80,253.86,227.97,312.63,253.31,748.92,498.22
587,327.00,266.23,254.27,228.35,313.10,253.74,749.63,499.02
588,327.66,266.66,254.68,228.73,313.60,254.16,751.47,499.86
589,328.32,267.08,255.09,229.10,314.10,254.58,752.22,500.69
590,328.84,267.52,255.50,229.48,314.64,255.01,752.95,501.53
591,329.62,267.99,255.93,229.87,315.21,255.43,754.23,502.40
592,330.39,268.44,256.35,230.25,315.75,255.86,754.96,503.25
593,331.17,268.89,256.77,230.63,316.28,256.28,756.81,504.09
594,331.82,269.34,257.18,231.01,316.79,256.70,757.54,504.91
595,332.33,269.79,257.59,231.39,317.29,257.13,759.37,505.74
596,333.12,270.23,257.99,231.76,317.76,257.55,760.09,506.57
597,333.90,270.67,258.40,232.14,318.26,257.98,761.96,507.40
598,334.67,271.13,258.81,232.52,318.77,258.40,763.81,508.21
599,335.26,271.58,259.29,232.91,319.27,258.82,765.10,509.03
600,336.04,272.04,259.71,233.30,319.80,259.25,765.82,509.88
601,336.72,272.51,260.13,233.68,320.34,259.67,766.52,510.73
602,337.51,272.96,260.55,234.06,320.88,260.10,767.79,511.57
603,338.31,273.41,260.95,234.44,321.38,260.52,768.51,512.40
604,339.10,273.86,261.36,234.82,321.89,260.94,769.27,513.26
605,339.87,274.30,261.77,235.20,322.39,261.37,769.99,514.09
606,340.64,274.74,262.19,235.58,322.89,261.79,771.85,514.90
607,341.41,275.19,262.60,235.96,323.39,262.22,772.58,515.73
608,342.19,275.65,263.02,236.33,323.86,262.64,773.90,516.52
609,342.85,276.14,263.46,236.72,324.37,263.06,775.19,517.34
610,343.48,276.60,263.88,237.11,324.90,263.49,777.11,518.18
611,344.17,277.09,264.31,237.50,325.51,263.91,780.08,519.07
612,345.30,277.98,264.74,237.88,326.08,264.33,781.91,519.93
613,346.08,278.74,265.16,238.27,326.65,264.76,783.78,520.79
614,346.86,279.16,265.58,238.65,327.22,265.18,786.22,521.66
615,347.63,279.70,266.00,239.04,327.79,265.61,787.55,522.52
616,348.43,280.85,266.43,239.42,328.36,266.03,788.26,523.38
617,349.67,281.86,266.85,239.81,328.93,266.45,789.56,524.25
618,350.95,282.87,267.51,240.41,329.81,267.10,791.96,525.73
619,352.08,283.80,268.17,241.01,330.66,267.75,793.83,527.21
620,353.28,284.62,268.83,241.61,331.51,268.40,796.28,528.69
621,354.50,285.52,269.48,242.20,332.33,269.05,798.12,530.15
622,355.67,286.42,270.12,242.79,333.15,269.70,799.37,531.61
623,356.79,287.26,270.76,243.37,333.97,270.35,800.65,533.07
624,357.89,288.00,271.39,243.95,334.76,271.00,801.88,534.52
625,359.01,288.78,272.01,244.53,335.54,271.65,803.17,535.99
626,359.68,289.30,272.43,245.10,336.11,272.08,804.48,536.85
627,360.47,289.95,272.86,245.49,336.68,272.50,805.80,537.72
628,361.59,290.82,273.28,245.87,337.25,272.93,807.05,538.58
629,362.36,291.22,273.70,246.25,337.82,273.35,808.29,539.45
630,363.48,292.10,274.13,246.64,338.36,273.77,809.04,540.29
631,364.28,292.87,274.55,247.02,338.89,274.20,810.31,541.14
632,364.88,293.39,274.97,247.40,339.43,274.62,811.05,541.99
633,365.68,294.05,275.39,247.79,339.97,275.05,812.35,542.83
634,366.31,294.69,275.81,248.17,340.50,275.47,814.15,543.67
635,366.92,295.20,276.23,248.55,341.04,275.89,816.03,544.52
636,367.54,295.70,276.65,248.93,341.58,276.32,817.95,545.36
637,368.33,296.21,277.07,249.31,342.11,276.74,819.80,546.20
638,369.12,296.71,277.49,249.69,342.65,277.17,820.53,547.05
639,369.71,297.22,277.90,250.07,343.19,277.59,822.36,547.88
640,370.31,297.72,278.32,250.45,343.72,278.01,823.60,548.73
641,371.09,298.21,278.73,250.83,344.23,278.44,824.36,549.55
642,371.69,298.70,279.15,251.21,344.73,278.86,825.67,550.37
643,372.26,299.21,279.56,251.59,345.27,279.29,826.40,551.21
644,373.38,299.71,279.97,251.97,345.80,279.71,828.27,552.05
645,374.48,300.23,280.40,252.36,346.37,280.13,830.11,552.92
646,375.59,300.74,280.82,252.73,346.94,280.56,830.86,553.78
647,376.69,301.23,281.23,253.11,347.48,280.98,833.30,554.62
648,377.81,301.72,281.64,253.49,347.98,281.41,834.60,555.44
649,378.92,302.21,282.05,253.87,348.48,281.83,835.88,556.26
650,380.04,302.70,282.46,254.25,348.99,282.25,837.17,557.08
651,380.66,303.19,282.87,254.62,349.49,282.68,838.99,557.90
652,381.25,303.69,283.28,255.00,349.99,283.10,839.74,558.72
653,381.85,304.18,283.69,255.38,350.50,283.53,841.03,559.54
654,382.95,304.68,284.10,255.76,351.03,283.95,841.79,560.38
655,384.09,305.20,284.52,256.14,351.57,284.37,843.09,561.23
656,384.69,305.72,284.94,256.52,352.14,284.80,844.36,562.10
657,385.48,306.24,285.36,256.90,352.68,285.22,845.09,562.94
658,386.28,306.74,285.77,257.28,353.21,285.65,846.37,563.79
659,387.08,307.24,286.18,257.66,353.72,286.07,847.67,564.62
660,388.22,307.74,286.59,258.04,354.22,286.49,848.93,565.47
661,389.01,308.23,287.00,258.42,354.72,286.92,850.18,566.29
662,389.80,308.71,287.42,258.79,355.23,287.34,850.92,567.11
663,390.59,309.19,287.84,259.17,355.73,287.77,852.19,567.93
664,391.38,309.65,288.26,259.55,356.23,288.19,852.91,568.74
665,392.16,310.13,288.69,259.94,356.74,288.61,853.65,569.56
666,392.94,310.61,289.11,260.32,357.24,289.04,854.95,570.38
667,393.72,311.07,289.52,260.69,357.74,289.46,856.81,571.20
668,394.23,311.53,289.93,261.07,358.22,289.89,858.08,571.99
669,395.02,311.99,290.34,261.44,358.69,290.31,859.36,572.79
670,395.55,312.46,290.74,261.82,359.16,290.73,860.09,573.58
671,396.07,312.92,291.15,262.20,359.63,291.16,861.93,574.38
672,396.61,313.39,291.56,262.57,360.13,291.58,862.67,575.19
673,397.13,313.86,291.96,262.95,360.60,292.01,863.96,575.99
674,397.66,314.32,292.37,263.33,361.07,292.43,864.68,576.78
675,398.22,314.77,292.77,263.71,361.54,292.85,865.95,577.57
676,398.74,315.24,293.18,264.08,362.04,293.28,867.25,578.39
677,399.25,315.72,293.59,264.46,362.55,293.70,867.98,579.21
678,399.81,316.18,293.99,264.84,363.05,294.13,869.83,580.04
679,400.31,316.64,294.39,265.20,363.52,294.55,871.13,580.83
680,400.83,317.06,294.78,265.57,363.99,294.93,871.88,581.63
681,401.42,317.57,295.20,265.96,364.53,295.35,874.30,582.48
682,401.97,318.05,295.61,266.33,365.03,295.78,875.07,583.30
683,402.52,318.49,296.01,266.70,365.50,296.20,875.79,584.10
684,403.08,318.91,296.41,267.07,365.97,296.63,877.08,584.91
685,403.64,319.33,296.81,267.45,366.44,297.05,878.38,585.75
686,404.15,319.74,297.21,267.82,366.91,297.47,879.10,586.55
687,404.65,320.16,297.61,268.19,367.38,297.90,879.79,587.35
688,405.16,320.57,298.00,268.55,367.82,298.28,880.51,588.12
689,405.67,321.00,298.39,268.92,368.29,298.70,881.23,588.90
690,406.17,321.42,298.78,269.28,368.73,299.08,881.98,589.67
691,406.67,321.85,299.17,269.64,369.16,299.46,883.25,590.45
692,407.17,322.28,299.56,270.01,369.60,299.84,884.53,591.22
693,407.68,322.69,299.95,270.37,370.07,300.22,885.23,592.02
694,408.18,323.11,300.34,270.74,370.54,300.65,885.96,592.82
695,408.68,323.55,300.76,271.12,371.04,301.07,887.29,593.64
696,409.18,323.99,301.16,271.49,371.55,301.50,887.98,594.46
697,409.68,324.75,301.56,271.86,372.02,301.92,888.70,595.26
698,410.23,325.13,301.98,272.24,372.52,302.34,889.98,596.09
699,410.78,325.51,302.38,272.61,373.02,302.77,891.83,596.91
700,411.34,325.88,302.77,272.98,373.49,303.19,892.54,597.71
701,411.86,326.25,303.14,273.33,373.90,303.57,893.22,598.46
702,412.38,326.63,303.54,273.70,374.37,304.00,895.04,599.26
703,412.91,327.00,303.93,274.07,374.84,304.38,896.35,600.06
704,413.43,327.37,304.32,274.43,375.27,304.80,897.08,600.84
705,413.94,327.74,304.71,274.80,375.71,305.18,898.35,601.62
706,414.47,328.12,305.08,275.16,376.15,305.56,900.24,602.40
707,414.99,328.49,305.47,275.52,376.59,305.94,901.00,603.17
708,415.52,328.86,305.86,275.88,377.06,306.37,901.73,603.97
709,416.07,329.24,306.26,276.25,377.53,306.79,903.00,604.77
710,416.61,329.61,306.65,276.62,378.00,307.22,904.26,605.58
711,417.17,329.98,307.04,276.98,378.47,307.64,904.98,606.41
712,417.72,330.39,307.45,277.36,379.00,308.06,905.71,607.26
713,418.27,330.94,307.86,277.74,379.54,308.49,906.44,608.11
714,418.84,331.37,308.27,278.12,380.04,308.91,907.17,608.93
715,419.36,331.78,308.67,278.48,380.51,309.34,907.90,609.74
716,419.88,332.18,309.06,278.85,380.98,309.76,908.65,610.54
717,420.39,332.58,309.46,279.22,381.45,310.18,909.37,611.34
718,420.91,332.98,309.85,279.59,381.92,310.61,910.06,612.14
719,421.41,333.37,310.24,279.95,382.39,311.03,910.82,612.95
720,421.92,333.76,310.63,280.32,382.86,311.46,911.57,613.75
721,422.42,334.17,311.02,280.69,383.33,311.88,912.32,614.55
722,422.92,334.57,311.42,281.06,383.80,312.31,913.02,615.35
723,423.43,334.97,311.83,281.44,384.27,312.73,913.77,616.15
724,424.06,335.40,312.26,281.86,384.84,313.16,914.49,617.03
725,424.83,335.84,312.71,282.30,385.41,313.58,915.25,617.90
726,425.43,336.30,313.12,282.68,385.92,314.00,915.96,618.73
727,426.03,336.75,313.56,283.08,386.45,314.43,916.67,619.58
728,426.65,337.18,314.00,283.53,386.96,314.85,917.99,620.41
729,427.19,337.58,314.42,283.95,387.46,315.28,918.72,621.23
730,427.74,337.99,314.81,284.33,387.93,315.66,919.41,622.03
731,428.27,338.42,315.21,284.70,388.40,316.08,920.17,622.84
732,428.83,338.84,315.61,285.07,388.87,316.51,920.90,623.64
733,429.40,339.26,316.01,285.44,389.34,316.93,922.22,624.44
734,429.95,339.67,316.41,285.82,389.81,317.35,922.95,625.24
735,430.49,340.06,316.82,286.20,390.28,317.78,923.69,626.04
736,431.01,340.44,317.22,286.57,390.75,318.20,924.44,626.86
737,431.56,340.84,317.63,286.95,391.25,318.63,925.72,627.70
738,432.11,341.26,318.04,287.32,391.75,319.05,926.44,628.54
739,432.65,341.64,318.44,287.70,392.22,319.47,927.16,629.34
740,433.16,342.03,318.83,288.06,392.66,319.85,927.91,630.12
741,433.67,342.43,319.23,288.43,393.13,320.28,928.67,630.92
742,434.18,342.86,319.63,288.80,393.63,320.70,930.01,631.74
743,434.77,343.31,320.03,289.17,394.17,321.13,930.73,632.59
744,435.39,343.79,320.44,289.55,394.71,321.55,931.98,633.43
745,435.98,344.25,320.85,289.93,395.24,321.98,932.71,634.28
746,436.66,344.75,321.27,290.31,395.85,322.40,934.58,635.18
747,437.29,345.23,321.68,290.69,396.38,322.82,935.30,636.02
748,437.90,345.66,322.10,291.09,396.92,323.25,936.60,636.86
749,438.51,346.13,322.52,291.47,397.46,323.67,937.87,637.71
750,439.11,346.60,322.92,291.85,397.99,324.10,939.12,638.53
751,439.71,347.04,323.33,292.22,398.46,324.52,939.85,639.33
752,440.31,347.49,323.74,292.60,398.97,324.95,940.57,640.16
753,440.92,347.94,324.15,292.97,399.47,325.37,941.29,640.99
754,441.51,348.39,324.55,293.35,399.97,325.79,941.98,641.81
755,442.10,348.83,324.96,293.72,400.44,326.22,942.70,642.60
756,442.61,349.27,325.35,294.09,400.91,326.64,943.40,643.40
757,443.20,349.72,325.79,294.47,401.41,327.07,945.27,644.23
758,443.80,350.16,326.19,294.85,401.92,327.49,946.02,645.05
759,444.40,350.61,326.59,295.22,402.42,327.91,946.75,645.88
760,445.00,351.06,326.99,295.60,402.92,328.34,948.62,646.71
761,445.50,351.50,327.40,295.97,403.43,328.76,949.92,647.53
762,446.01,351.94,327.80,296.35,403.90,329.19,951.76,648.35
763,446.52,352.38,328.22,296.73,404.40,329.61,953.00,649.22
764,447.02,352.82,328.64,297.11,404.90,330.04,954.29,650.05
765,447.52,353.25,329.05,297.49,405.41,330.46,955.54,650.88
766,448.02,353.69,329.46,297.87,405.91,330.89,956.84,651.71
767,448.59,354.12,329.86,298.25,406.41,331.31,958.15,652.55
768,449.15,354.55,330.26,298.63,406.92,331.73,959.45,653.38
769,449.71,354.97,330.68,299.01,407.39,332.16,960.73,654.18
770,450.27,355.40,331.08,299.39,407.86,332.58,961.42,654.99
771,450.82,355.82,331.48,299.77,408.33,333.01,962.18,655.79
772,451.38,356.25,331.87,300.15,408.80,333.43,962.89,656.60
773,451.93,356.68,332.27,300.53,409.27,333.85,963.58,657.41
774,452.44,357.10,332.66,300.90,409.74,334.28,964.83,658.21
775,452.94,357.53,333.06,301.28,410.21,334.70,966.14,659.02
776,453.44,357.95,333.45,301.66,410.68,335.13,966.83,659.83
777,453.95,358.38,333.85,302.04,411.15,335.55,967.56,660.67
778,454.45,358.81,334.25,302.41,411.62,335.98,968.27,661.48
779,454.96,359.23,334.64,302.78,412.09,336.40,969.01,662.29
780,455.46,359.66,335.03,303.15,412.56,336.82,969.73,663.09
781,455.97,360.08,335.42,303.52,413.03,337.25,971.03,663.90
782,456.57,360.52,335.84,303.90,413.53,337.67,972.82,664.73
783,457.16,360.96,336.24,304.27,414.00,338.10,973.56,665.53
784,457.72,361.41,336.65,304.64,414.51,338.52,974.82,666.36
785,458.30,361.86,337.05,305.01,415.01,338.95,976.02,667.19
786,458.88,362.52,337.49,305.40,415.55,339.37,976.73,668.04
787,459.39,363.04,337.88,305.76,416.02,339.79,977.45,668.84
788,460.03,363.44,338.31,306.15,416.59,340.22,978.21,669.71
789,460.60,364.00,338.72,306.53,417.12,340.64,980.01,670.56
790,461.37,364.43,339.14,306.91,417.63,341.07,982.44,671.39
791,461.97,364.84,339.55,307.29,418.13,341.49,983.17,672.22
792,462.54,365.26,339.94,307.66,418.60,341.91,983.91,673.02
793,463.08,365.69,340.34,308.03,419.07,342.34,984.63,673.83
794,463.65,366.12,340.73,308.40,419.54,342.76,985.86,674.64
795,464.20,366.53,341.12,308.76,420.01,343.14,987.12,675.43
796,464.73,366.93,341.50,309.12,420.45,343.52,988.38,676.22
797,465.26,367.34,341.90,309.50,420.92,343.95,989.63,677.03
798,465.84,367.78,342.31,309.87,421.42,344.37,991.50,677.90
799,466.44,368.23,342.73,310.25,421.93,344.80,992.22,678.73
800,467.01,368.66,343.12,310.62,422.40,345.22,992.93,679.54
801,467.58,369.10,343.56,311.00,422.87,345.64,994.19,680.35
802,468.14,369.54,343.96,311.37,423.34,346.07,994.93,681.16
803,468.72,370.00,344.37,311.75,423.84,346.49,996.26,681.98
804,469.30,370.46,344.80,312.15,424.38,346.92,998.13,682.83
805,469.88,370.92,345.21,312.53,424.88,347.34,999.96,683.66
806,470.45,371.36,345.62,312.91,425.38,347.76,1001.20,684.48
807,471.01,371.80,346.02,313.29,425.89,348.19,1002.53,685.30
808,471.51,372.24,346.42,313.66,426.39,348.61,1003.28,686.13
809,472.02,372.67,346.81,314.03,426.90,349.04,1004.00,686.96
810,472.52,373.10,347.21,314.40,427.37,349.46,1004.76,687.76
811,473.02,373.53,347.61,314.77,427.87,349.89,1006.05,688.57
812,473.52,373.96,348.00,315.14,428.34,350.31,1007.35,689.37
813,474.03,374.39,348.40,315.51,428.84,350.73,1008.61,690.17
814,474.54,374.81,348.80,315.88,429.31,351.16,1009.33,690.98
815,475.06,375.24,349.20,316.25,429.78,351.58,1010.56,691.78
816,475.59,375.68,349.60,316.62,430.26,352.01,1011.32,692.59
817,476.17,376.14,350.00,316.99,430.73,352.43,1012.65,693.39
818,476.75,376.58,350.39,317.36,431.20,352.85,1013.38,694.19
819,477.33,377.02,350.78,317.72,431.67,353.28,1014.09,694.99
820,477.90,377.46,351.18,318.09,432.14,353.70,1015.36,695.80
821,478.48,377.89,351.58,318.46,432.61,354.13,1016.66,696.60
822,479.04,378.32,351.98,318.83,433.08,354.55,1018.54,697.40
823,479.61,378.75,352.37,319.20,433.55,354.97,1019.82,698.21
824,480.11,379.18,352.77,319.57,434.02,355.40,1021.60,699.03
825,480.67,379.59,353.16,319.94,434.49,355.82,1022.28,699.83
826,481.24,380.01,353.56,320.32,434.96,356.25,1023.04,700.63
827,481.86,380.49,353.99,320.70,435.50,356.67,1023.79,701.48
828,482.53,381.01,354.44,321.10,436.07,357.09,1024.52,702.35
829,483.18,381.50,354.88,321.49,436.64,357.52,1025.27,703.20
830,483.80,381.97,355.29,321.88,437.18,357.94,1027.66,704.05
831,484.39,382.42,355.73,322.28,437.68,358.37,1029.55,704.88
832,484.96,382.87,356.13,322.66,438.15,358.79,1030.79,705.68
833,485.54,383.31,356.54,323.03,438.62,359.21,1031.48,706.48
834,486.16,383.78,357.00,323.43,439.16,359.64,1032.22,707.33
835,486.69,384.27,357.48,323.85,439.73,360.06,1033.48,708.20
836,487.22,384.75,357.94,324.24,440.26,360.49,1034.19,709.05
837,487.73,385.22,358.37,324.63,440.80,360.91,1034.93,709.89
838,488.24,385.66,358.77,325.00,441.30,361.34,1035.63,710.71
839,488.75,386.09,359.17,325.37,441.77,361.76,1036.93,711.51
840,489.26,386.53,359.57,325.75,442.28,362.18,1037.66,712.33
841,489.76,386.97,359.97,326.11,442.75,362.61,1038.38,713.13
842,490.27,387.40,360.37,326.48,443.25,363.03,1039.09,713.95
843,490.77,387.80,360.77,326.86,443.72,363.46,1040.34,714.75
844,491.32,388.20,361.17,327.23,444.19,363.88,1041.03,715.55
845,491.82,388.62,361.57,327.60,444.66,364.30,1041.76,716.35
846,492.35,389.03,361.97,327.97,445.17,364.73,1042.49,717.16
847,492.85,389.44,362.38,328.34,445.67,365.15,1043.24,717.98
848,493.36,389.84,362.78,328.71,446.17,365.58,1044.00,718.80
849,493.93,390.27,363.17,329.08,446.64,366.00,1044.73,719.61
850,494.52,390.71,363.57,329.45,447.15,366.43,1045.48,720.44
851,495.10,391.15,363.98,329.83,447.65,366.85,1046.75,721.27
852,495.67,391.59,364.38,330.21,448.15,367.27,1047.50,722.10
853,496.26,392.04,364.79,330.58,448.66,367.70,1048.72,722.94
854,496.83,392.49,365.18,330.95,449.16,368.12,1050.03,723.77
855,497.43,392.93,365.59,331.32,449.67,368.55,1050.76,724.60
856,498.01,393.37,365.99,331.69,450.17,368.97,1051.44,725.43
857,498.52,394.08,366.40,332.07,450.67,369.39,1053.29,726.26
858,499.04,394.47,366.82,332.45,451.18,369.82,1054.04,727.09
859,499.54,394.84,367.23,332.82,451.68,370.24,1054.75,727.92
860,500.05,395.22,367.63,333.19,452.18,370.67,1056.05,728.75
861,500.55,395.59,368.03,333.56,452.65,371.09,1057.34,729.55
862,501.12,395.96,368.43,333.93,453.12,371.52,1058.59,730.35
863,501.62,396.34,368.83,334.30,453.59,371.94,1059.31,731.15
864,502.13,396.71,369.22,334.66,454.06,372.36,1060.59,731.95
865,502.65,397.08,369.63,335.04,454.57,372.79,1062.37,732.78
866,503.26,397.47,370.06,335.42,455.10,373.21,1064.77,733.62
867,503.77,397.86,370.50,335.80,455.64,373.64,1065.50,734.47
868,504.30,398.26,370.92,336.18,456.11,374.06,1066.76,735.28
869,504.86,398.64,371.33,336.56,456.58,374.49,1067.49,736.08
870,505.37,399.03,371.75,336.95,457.08,374.91,1068.22,736.91
871,505.89,399.41,372.14,337.32,457.55,375.33,1068.90,737.71
872,506.40,399.80,372.55,337.70,458.02,375.76,1070.20,738.52
873,506.92,400.19,372.95,338.07,458.49,376.18,1070.94,739.33
874,507.46,400.57,373.34,338.44,458.96,376.61,1071.69,740.13
875,507.99,400.96,373.75,338.81,459.44,377.03,1072.42,740.93
876,508.53,401.34,374.14,339.17,459.87,377.41,1074.23,741.73
877,509.10,401.72,374.54,339.54,460.34,377.84,1074.96,742.58
878,509.60,402.09,374.93,339.91,460.85,378.26,1076.19,743.40
879,510.15,402.46,375.32,340.28,461.32,378.69,1077.49,744.22
880,510.70,402.84,375.72,340.65,461.79,379.11,1078.76,745.09
881,511.28,403.21,376.13,341.02,462.26,379.53,1080.64,745.93
882,511.89,403.60,376.53,341.40,462.79,379.96,1081.36,746.80
883,512.45,403.97,376.93,341.77,463.26,380.38,1082.12,747.63
884,513.02,404.35,377.33,342.14,463.73,380.81,1082.87,748.44
885,513.59,404.72,377.73,342.51,464.20,381.23,1083.60,749.25
886,514.14,405.09,378.12,342.88,464.68,381.66,1084.89,750.07
887,514.70,405.47,378.52,343.25,465.15,382.08,1086.75,751.02
888,515.25,405.84,378.92,343.62,465.62,382.50,1088.01,751.85
889,515.80,406.21,379.31,343.98,466.09,382.93,1089.30,752.67
890,516.35,406.59,379.70,344.35,466.56,383.35,1091.09,753.45
891,516.89,406.96,380.09,344.72,467.03,383.78,1091.80,754.26
892,517.43,407.35,380.48,345.08,467.46,384.16,1092.52,755.05
893,517.99,407.72,380.89,345.45,467.93,384.58,1093.21,755.87
894,518.57,408.09,381.29,345.83,468.44,385.01,1093.97,756.70
895,519.16,408.48,381.70,346.20,468.94,385.43,1094.67,757.53
896,519.71,408.87,382.10,346.58,469.45,385.86,1097.12,758.36
897,520.24,409.25,382.49,346.94,469.92,386.28,1098.96,759.17
898,520.85,409.64,382.90,347.32,470.42,386.70,1100.24,760.13
899,521.45,410.02,383.30,347.69,470.92,387.13,1100.97,760.97
900,522.04,410.41,383.71,348.06,471.43,387.55,1101.70,761.81
901,522.64,410.80,384.11,348.44,471.93,387.98,1102.43,762.67
902,523.22,411.18,384.52,348.81,472.40,388.40,1104.22,763.48
903,523.72,411.57,384.93,349.18,472.87,388.83,1105.52,764.30
904,524.23,411.96,385.33,349.56,473.34,389.25,1106.82,765.12
905,524.74,412.34,385.71,349.91,473.78,389.63,1107.50,765.90
906,525.27,412.73,386.11,350.28,474.25,390.06,1108.77,766.72
907,525.85,413.11,386.51,350.65,474.72,390.48,1110.03,767.53
908,526.41,413.50,386.91,351.02,475.19,390.90,1110.73,768.34
909,526.98,413.89,387.31,351.39,475.66,391.33,1112.57,769.15
910,527.63,414.30,387.72,351.77,476.20,391.75,1113.83,770.01
911,528.21,414.88,388.12,352.14,476.70,392.18,1115.13,770.85
912,528.71,415.31,388.52,352.51,477.17,392.60,1116.43,771.70
913,529.28,415.74,388.93,352.88,477.64,393.03,1117.14,772.51
914,529.84,416.18,389.36,353.26,478.11,393.45,1118.41,773.32
915,530.42,416.65,389.79,353.65,478.62,393.87,1120.29,774.17
916,530.94,417.12,390.26,354.04,479.12,394.30,1121.60,775.05
917,531.52,417.57,390.67,354.41,479.59,394.72,1123.44,775.89
918,532.08,418.00,391.08,354.79,480.09,395.15,1124.19,776.72
919,532.67,418.47,391.50,355.17,480.60,395.57,1125.48,777.56
920,533.27,418.95,391.90,355.54,481.10,395.99,1127.33,778.40
921,533.88,419.43,392.31,355.92,481.64,396.42,1128.08,779.29
922,534.47,419.90,392.72,356.30,482.14,396.84,1128.80,780.15
923,535.03,420.35,393.12,356.67,482.61,397.27,1129.51,780.97
924,535.62,420.80,393.52,357.04,483.12,397.69,1130.79,781.81
925,536.26,421.31,393.93,357.42,483.65,398.11,1132.09,782.67
926,536.85,421.78,394.34,357.79,484.16,398.54,1133.38,783.51
927,537.44,422.25,394.74,358.16,484.66,398.96,1135.77,784.35
928,538.01,422.72,395.14,358.54,485.16,399.39,1137.02,785.19
929,538.57,423.18,395.54,358.91,485.67,399.81,1138.35,786.02
930,539.15,423.64,395.95,359.28,486.17,400.24,1139.08,786.86
931,539.71,424.08,396.34,359.65,486.64,400.66,1139.83,787.68
932,540.25,424.48,396.74,360.01,487.11,401.08,1141.13,788.50
933,540.81,424.90,397.13,360.38,487.58,401.51,1141.86,789.34
934,541.36,425.32,397.53,360.75,488.05,401.93,1142.58,790.15
935,541.91,425.73,397.92,361.12,488.52,402.36,1143.87,790.97
936,542.41,426.18,398.32,361.49,488.99,402.78,1144.58,791.78
937,543.08,426.70,398.75,361.88,489.53,403.21,1145.28,792.65
938,543.58,427.14,399.14,362.24,490.03,403.63,1146.57,793.52
939,544.16,427.57,399.53,362.61,490.51,404.05,1147.30,794.33
940,544.74,428.00,399.93,362.98,490.98,404.48,1147.97,795.13
941,545.31,428.43,400.32,363.35,491.45,404.90,1149.24,795.95
942,545.88,428.86,400.72,363.72,491.92,405.33,1149.97,796.76
943,546.39,429.28,401.11,364.09,492.39,405.75,1151.86,797.57
944,546.89,429.74,401.52,364.46,492.89,406.17,1153.11,798.41
945,547.40,430.19,401.92,364.83,493.39,406.60,1153.84,799.25
946,547.90,430.68,402.33,365.21,493.93,407.02,1155.17,800.10
947,548.41,431.13,402.74,365.59,494.44,407.45,1156.46,800.93
948,548.91,431.59,403.14,365.96,494.91,407.87,1157.77,801.75
949,549.42,432.06,403.54,366.33,495.41,408.30,1158.53,802.58
950,550.02,432.57,403.96,366.71,495.91,408.72,1159.82,803.41
951,550.54,433.04,404.37,367.09,496.42,409.14,1160.58,804.24
952,551.07,433.50,404.78,367.47,496.89,409.57,1162.43,805.05
953,551.68,433.95,405.18,367.85,497.39,409.99,1163.19,805.88
954,552.28,434.41,405.59,368.22,497.90,410.42,1165.05,806.71
955,552.87,434.87,406.00,368.60,498.40,410.84,1165.81,807.54
956,553.46,435.32,406.41,368.98,498.90,411.27,1167.67,808.37
957,554.05,435.78,406.82,369.35,499.37,411.69,1168.95,809.18
958,554.61,436.21,407.21,369.72,499.84,412.07,1169.71,809.96
959,555.16,436.61,407.60,370.09,500.31,412.45,1170.40,810.77
960,555.72,437.03,408.00,370.46,500.79,412.87,1171.13,811.59
961,556.30,437.45,408.40,370.83,501.26,413.30,1171.85,812.40
962,556.87,437.88,408.80,371.20,501.73,413.72,1172.54,813.21
963,557.65,438.41,409.22,371.59,502.26,414.15,1174.44,814.07
964,558.20,438.84,409.62,371.96,502.77,414.57,1175.16,814.91
965,558.74,439.25,410.01,372.33,503.24,415.00,1175.89,815.72
966,559.28,439.68,410.41,372.69,503.71,415.42,1176.60,816.54
967,559.84,440.12,410.82,373.07,504.18,415.84,1177.35,817.35
968,560.39,440.55,411.21,373.44,504.65,416.27,1178.63,818.17
969,560.90,441.01,411.63,373.82,505.15,416.69,1179.89,819.01
970,561.54,441.51,412.03,374.19,505.66,417.12,1181.15,819.86
971,562.17,442.00,412.44,374.57,506.19,417.54,1181.84,820.72
972,562.68,442.42,412.84,374.94,506.67,417.97,1183.13,821.52
973,563.18,442.89,413.25,375.32,507.17,418.39,1183.86,822.36
974,563.69,443.37,413.66,375.70,507.71,418.82,1184.61,823.19
975,564.19,443.90,414.08,376.08,508.24,419.24,1185.33,824.04
976,564.70,444.38,414.49,376.46,508.75,419.66,1186.01,824.88
977,565.20,444.85,414.89,376.83,509.25,420.09,1186.71,825.71
978,565.71,445.32,415.30,377.21,509.76,420.51,1188.54,826.55
979,566.21,445.79,415.70,377.58,510.26,420.94,1189.27,827.39
980,566.72,446.25,416.11,377.95,510.76,421.36,1191.08,828.23
981,567.22,446.71,416.51,378.33,511.23,421.79,1191.83,829.05
982,567.72,447.16,416.91,378.70,511.70,422.21,1192.59,829.86
983,568.23,447.62,417.31,379.07,512.18,422.63,1194.41,830.68
984,568.73,448.04,417.69,379.43,512.61,423.01,1195.13,831.47
985,569.23,448.45,418.09,379.80,513.08,423.44,1196.46,832.28
986,569.73,448.88,418.49,380.17,513.55,423.86,1197.21,833.10
987,570.29,449.31,418.88,380.54,514.02,424.29,1197.91,833.91
988,570.85,449.76,419.28,380.91,514.50,424.71,1199.21,834.73
989,571.51,450.29,419.71,381.29,515.03,425.14,1200.53,835.60
990,572.07,450.70,420.11,381.66,515.54,425.56,1201.27,836.44
991,572.60,451.11,420.50,382.02,516.01,425.98,1201.99,837.25
992,573.15,451.53,420.88,382.38,516.44,426.41,1202.74,838.04
993,573.71,451.93,421.27,382.75,516.91,426.79,1203.49,838.85
994,574.31,452.42,421.68,383.12,517.42,427.21,1204.73,839.69
995,574.89,452.91,422.09,383.50,517.96,427.64,1205.47,840.55
996,575.46,453.39,422.49,383.88,518.46,428.06,1206.22,841.39
997,576.02,453.84,422.90,384.25,518.93,428.49,1208.55,842.20
998,576.59,454.31,423.30,384.63,519.43,428.91,1210.43,843.04
999,577.15,454.78,423.71,385.00,519.94,429.34,1211.74,843.88
1000,577.67,455.31,424.13,385.38,520.48,429.76,1213.59,844.74
1001,578.17,455.79,424.54,385.76,520.98,430.18,1214.86,845.58
1002,578.68,456.26,424.95,386.14,521.48,430.61,1216.13,846.42
1003,579.18,456.74,425.36,386.52,521.99,431.03,1217.98,847.25
1004,579.69,457.21,425.77,386.90,522.49,431.46,1219.86,848.09
1005,580.20,457.68,426.18,387.28,523.00,431.88,1220.59,848.93
1006,580.71,458.16,426.59,387.66,523.50,432.31,1221.32,849.76
1007,581.21,458.63,427.00,388.04,524.00,432.73,1222.06,850.60
1008,581.82,459.08,427.41,388.41,524.47,433.15,1222.82,851.41
1009,582.38,459.51,427.93,388.84,524.98,433.58,1224.10,852.25
1010,582.92,459.96,428.36,389.23,525.48,434.00,1224.84,853.09
1011,583.43,460.40,428.77,389.60,525.99,434.43,1226.74,853.92
1012,583.93,460.83,429.18,389.98,526.46,434.85,1227.49,854.73
1013,584.44,461.26,429.58,390.35,526.93,435.28,1228.21,855.55
1014,584.96,461.77,429.99,390.72,527.46,435.70,1228.91,856.41
1015,585.64,462.29,430.41,391.10,528.00,436.13,1229.62,857.26
1016,586.15,462.74,430.81,391.47,528.47,436.55,1230.33,858.08
1017,586.71,463.18,431.22,391.85,528.94,436.97,1231.60,858.90
1018,587.29,463.63,431.61,392.21,529.41,437.40,1232.36,859.72
1019,587.80,464.12,432.02,392.59,529.95,437.82,1233.65,860.59
1020,588.30,464.62,432.43,392.97,530.49,438.25,1234.96,861.45
1021,588.81,465.06,432.83,393.34,530.96,438.67,1235.66,862.27
1022,589.41,465.53,433.23,393.71,531.46,439.10,1237.49,863.11
1023,589.97,466.00,433.64,394.09,531.97,439.52,1239.35,863.95
1024,590.48,466.71,434.05,394.46,532.47,439.94,1240.11,864.78
1025,590.99,467.09,434.47,394.84,533.01,440.37,1243.07,865.64
1026,591.50,467.47,434.88,395.22,533.51,440.79,1243.81,866.48
1027,592.00,467.84,435.28,395.59,533.98,441.22,1244.52,867.30
1028,592.51,468.22,435.68,395.96,534.45,441.64,1245.21,868.12
1029,593.01,468.59,436.07,396.33,534.92,442.07,1246.45,868.93
1030,593.51,468.97,436.47,396.70,535.39,442.49,1247.18,869.75
1031,594.02,469.34,436.86,397.06,535.87,442.91,1249.02,870.57
1032,594.53,469.72,437.26,397.44,536.37,443.34,1249.75,871.41
1033,595.03,470.09,437.67,397.81,536.84,443.76,1250.49,872.22
1034,595.53,470.47,438.06,398.18,537.31,444.19,1251.21,873.04
1035,596.05,470.84,438.45,398.55,537.78,444.61,1253.09,873.85
1036,596.55,471.22,438.85,398.91,538.25,445.04,1253.81,874.67
1037,597.10,471.59,439.24,399.28,538.72,445.46,1255.10,875.49
1038,597.61,471.97,439.63,399.64,539.19,445.89,1255.86,876.31
1039,598.11,472.34,440.03,400.02,539.66,446.31,1257.19,877.12
1040,598.89,472.74,440.46,400.40,540.20,446.73,1258.49,878.01
1041,599.41,473.25,440.87,400.77,540.67,447.16,1259.77,878.83
1042,599.92,473.63,441.27,401.14,541.14,447.58,1261.67,879.67
1043,600.50,474.00,441.68,401.52,541.65,448.01,1262.39,880.52
1044,601.03,474.38,442.08,401.90,542.15,448.43,1263.11,881.40
1045,601.60,474.75,442.49,402.27,542.66,448.86,1263.81,882.23
1046,602.20,475.13,442.89,402.65,543.16,449.28,1265.10,883.07
1047,602.79,475.50,443.30,403.02,543.66,449.71,1265.85,883.91
1048,603.37,475.88,443.70,403.39,544.17,450.13,1267.70,884.75
1049,604.02,476.27,444.12,403.77,544.70,450.55,1268.97,885.60
1050,604.61,476.64,444.52,404.15,545.21,450.98,1271.39,886.44
1051,605.20,477.02,444.93,404.52,545.71,451.40,1273.22,887.27
1052,605.77,477.39,445.33,404.89,546.18,451.83,1273.91,888.09
1053,606.28,477.77,445.73,405.27,546.65,452.25,1275.20,888.92
1054,606.79,478.14,446.12,405.63,547.12,452.68,1277.08,889.73
1055,607.30,478.52,446.52,406.01,547.60,453.10,1278.91,890.54
1056,607.81,478.89,446.91,406.37,548.07,453.53,1280.15,891.36
1057,608.39,479.27,447.30,406.74,548.54,453.95,1281.44,892.18
1058,608.89,479.64,447.69,407.11,549.01,454.37,1282.72,892.99
1059,609.40,480.02,448.08,407.48,549.48,454.80,1283.41,893.80
1060,609.91,480.39,448.48,407.85,549.95,455.22,1284.14,894.61
1061,610.44,480.77,448.87,408.22,550.42,455.65,1285.41,895.43
1062,611.00,481.14,449.27,408.58,550.89,456.07,1286.68,896.24
1063,611.55,481.52,449.66,408.95,551.33,456.45,1288.48,897.03
1064,612.09,481.90,450.06,409.32,551.80,456.88,1290.86,897.84
1065,612.71,482.30,450.48,409.70,552.34,457.30,1292.15,898.70
1066,613.34,482.93,450.89,410.08,552.87,457.73,1292.88,899.56
1067,613.92,483.37,451.30,410.45,553.38,458.15,1294.75,900.41
1068,614.55,483.85,451.71,410.83,553.88,458.57,1295.48,901.29
1069,615.15,484.32,452.12,411.21,554.38,459.00,1296.20,902.14
1070,615.75,484.74,452.52,411.58,554.89,459.42,1297.47,902.99
1071,616.37,485.20,452.93,411.96,555.39,459.85,1298.21,903.84
1072,616.96,485.64,453.34,412.34,555.90,460.27,1298.90,904.69
1073,617.54,486.08,453.75,412.72,556.40,460.70,1299.60,905.53
1074,618.22,486.59,454.17,413.10,556.94,461.12,1300.33,906.40
1075,618.72,487.04,454.58,413.47,557.44,461.55,1301.09,907.24
1076,619.23,487.48,454.98,413.85,557.95,461.97,1303.52,908.09
1077,619.74,487.93,455.39,414.23,558.42,462.39,1304.28,908.91
1078,620.25,488.37,455.79,414.60,558.89,462.82,1304.99,909.73
1079,620.75,488.81,456.20,414.98,559.36,463.24,1305.68,910.54
1080,621.32,489.25,456.59,415.34,559.83,463.67,1306.98,911.35
1081,621.90,489.69,456.99,415.72,560.30,464.09,1307.71,912.16
1082,622.47,490.13,457.39,416.09,560.77,464.52,1308.98,912.98
1083,623.05,490.57,457.79,416.46,561.24,464.94,1309.74,913.79
1084,623.56,491.02,458.18,416.83,561.71,465.37,1311.04,914.61
1085,624.06,491.42,458.58,417.19,562.18,465.79,1312.33,915.43
1086,624.57,491.83,458.97,417.56,562.65,466.22,1313.01,916.25
1087,625.12,492.26,459.36,417.93,563.13,466.64,1313.69,917.06
1088,625.67,492.69,459.76,418.29,563.60,467.06,1315.51,917.88
1089,626.22,493.12,460.17,418.67,564.07,467.49,1317.37,918.69
1090,626.76,493.53,460.57,419.04,564.54,467.91,1319.18,919.51
1091,627.37,494.05,460.99,419.42,565.11,468.34,1319.91,920.39
1092,627.89,494.53,461.40,419.80,565.61,468.76,1320.64,921.23
1093,628.49,495.00,461.81,420.18,566.12,469.19,1321.90,922.07
1094,629.05,495.43,462.22,420.56,566.62,469.61,1322.65,922.91
1095,629.64,495.90,462.65,420.94,567.12,470.04,1323.36,923.75
1096,630.24,496.37,463.07,421.32,567.63,470.46,1324.64,924.58
1097,630.83,496.82,463.48,421.70,568.10,470.88,1325.92,925.38
1098,631.43,497.34,463.89,422.08,568.64,471.31,1327.76,926.24
1099,632.05,497.81,464.29,422.45,569.14,471.73,1329.01,927.07
1100,632.55,498.26,464.70,422.83,569.64,472.16,1329.70,927.91
1101,633.06,498.72,465.11,423.21,570.15,472.58,1331.01,928.74
1102,633.57,499.19,465.54,423.59,570.65,473.01,1332.30,929.57
1103,634.09,499.65,465.98,423.97,571.16,473.43,1333.58,930.41
1104,634.60,500.11,466.40,424.35,571.66,473.86,1334.86,931.24
1105,635.11,500.55,466.80,424.73,572.13,474.28,1336.16,932.05
1106,635.62,500.99,467.19,425.09,572.60,474.71,1337.43,932.86
1107,636.12,501.43,467.59,425.46,573.07,475.13,1338.13,933.67
1108,636.68,501.87,468.00,425.83,573.54,475.55,1338.87,934.48
1109,637.19,502.30,468.40,426.20,574.02,475.98,1339.60,935.31
1110,637.70,502.73,468.79,426.57,574.49,476.40,1340.27,936.16
1111,638.30,503.16,469.19,426.94,574.96,476.83,1341.57,936.97
1112,638.86,503.59,469.59,427.31,575.43,477.25,1342.29,937.77
1113,639.43,504.02,469.99,427.68,575.90,477.68,1343.03,938.59
1114,639.93,504.45,470.38,428.05,576.37,478.10,1344.32,939.40
1115,640.44,504.90,470.79,428.42,576.87,478.53,1345.62,940.23
1116,640.97,505.43,471.21,428.82,577.44,478.95,1346.92,941.11
1117,641.48,505.91,471.62,429.19,577.95,479.38,1347.62,941.94
1118,641.98,506.36,472.02,429.57,578.42,479.80,1348.37,942.76
1119,642.49,506.82,472.43,429.94,578.92,480.23,1349.69,943.59
1120,642.99,507.29,472.83,430.32,579.43,480.65,1350.41,944.42
1121,643.50,507.76,473.24,430.69,579.93,481.08,1351.13,945.26
1122,644.03,508.28,473.65,431.07,580.47,481.50,1352.40,946.11
1123,644.54,508.76,474.06,431.45,580.97,481.92,1353.12,946.95
1124,645.14,509.23,474.47,431.83,581.44,482.35,1353.82,947.76
1125,645.75,509.70,474.87,432.20,581.92,482.77,1354.56,948.58
1126,646.26,510.15,475.29,432.58,582.39,483.20,1355.83,949.38
1127,646.85,510.60,475.70,432.96,582.86,483.62,1356.57,950.20
1128,647.44,511.06,476.09,433.33,583.33,484.05,1357.29,951.01
1129,648.04,511.51,476.50,433.70,583.80,484.47,1358.55,951.83
1130,648.63,511.97,476.90,434.08,584.27,484.90,1359.86,952.64
1131,649.14,512.42,477.30,434.45,584.74,485.32,1361.14,953.45
1132,649.65,512.88,477.71,434.82,585.21,485.75,1361.86,954.26
1133,650.17,513.33,478.11,435.19,585.68,486.17,1363.63,955.06
1134,650.73,513.75,478.52,435.56,586.15,486.59,1366.05,955.87
1135,651.24,514.18,478.94,435.94,586.62,487.02,1366.78,956.68
1136,651.76,514.74,479.36,436.32,587.10,487.44,1368.06,957.49
1137,652.28,515.40,479.78,436.70,587.57,487.87,1369.39,958.29
1138,652.80,516.17,480.20,437.07,588.04,488.29,1370.15,959.10
1139,653.32,516.57,480.61,437.45,588.54,488.72,1371.43,959.93
1140,654.10,517.00,481.03,437.83,589.08,489.14,1372.73,960.78
1141,654.89,517.53,481.45,438.22,589.62,489.57,1373.48,961.64
1142,655.39,518.03,481.85,438.59,590.09,489.99,1374.20,962.45
1143,655.91,518.41,482.26,438.97,590.59,490.42,1375.48,963.28
1144,656.54,518.78,482.67,439.34,591.10,490.84,1376.79,964.12
1145,657.13,519.15,483.07,439.72,591.60,491.27,1378.06,964.95
1146,657.82,519.54,483.49,440.10,592.14,491.69,1379.90,965.80
1147,658.33,520.05,483.89,440.48,592.64,492.12,1381.70,966.64
1148,658.83,520.42,484.30,440.85,593.15,492.54,1382.46,967.47
1149,659.35,520.81,484.70,441.23,593.65,492.97,1383.71,968.30
1150,659.86,521.19,485.11,441.60,594.12,493.39,1384.45,969.11
1151,660.37,521.58,485.51,441.98,594.59,493.81,1385.69,969.92
1152,660.87,521.97,485.91,442.35,595.06,494.24,1386.99,970.74
1153,661.37,522.36,486.31,442.72,595.53,494.66,1387.67,971.56
1154,661.88,522.74,486.71,443.09,596.00,495.09,1388.96,972.38
1155,662.39,523.13,487.11,443.46,596.47,495.51,1391.40,973.19
1156,662.89,523.52,487.51,443.83,596.95,495.94,1392.11,974.00
1157,663.40,523.91,487.90,444.20,597.42,496.36,1393.97,974.81
1158,663.92,524.29,488.30,444.57,597.89,496.79,1394.67,975.62
1159,664.44,524.68,488.69,444.94,598.36,497.21,1395.39,976.43
1160,664.95,525.07,489.08,445.31,598.83,497.64,1396.12,977.25
1161,665.46,525.45,489.48,445.68,599.30,498.06,1397.96,978.06
1162,666.03,525.84,489.88,446.05,599.77,498.49,1398.70,978.88
1163,666.65,526.23,490.28,446.42,600.27,498.91,1399.43,979.72
1164,667.28,526.63,490.70,446.80,600.81,499.34,1400.69,980.58
1165,667.96,527.04,491.12,447.19,601.35,499.76,1401.45,981.44
1166,668.61,527.69,491.53,447.57,601.89,500.19,1402.19,982.30
1167,669.23,528.16,491.94,447.94,602.39,500.61,1402.93,983.14
1168,669.83,528.65,492.35,448.32,602.90,501.03,1403.68,983.98
1169,670.45,529.19,492.76,448.70,603.43,501.46,1405.49,984.83
1170,671.09,529.68,493.17,449.08,603.94,501.88,1407.40,985.66
1171,671.71,530.15,493.58,449.46,604.44,502.31,1408.11,986.51
1172,672.21,530.63,493.98,449.83,604.95,502.73,1409.94,987.38
1173,672.83,531.09,494.39,450.21,605.42,503.16,1411.82,988.19
1174,673.42,531.55,494.78,450.58,605.89,503.58,1412.50,989.01
1175,673.99,532.01,495.19,450.95,606.36,504.01,1413.23,989.82
1176,674.58,532.48,495.60,451.33,606.86,504.43,1413.96,990.65
1177,675.16,532.93,496.00,451.71,607.33,504.86,1416.32,991.46
1178,675.75,533.38,496.41,452.08,607.80,505.28,1417.05,992.27
1179,676.26,533.83,496.82,452.46,608.28,505.71,1418.90,993.09
1180,676.76,534.28,497.23,452.84,608.75,506.13,1419.63,993.90
1181,677.27,534.73,497.62,453.20,609.22,506.56,1420.91,994.71
1182,677.83,535.13,498.01,453.57,609.69,506.98,1421.60,995.53
1183,678.33,535.58,498.41,453.94,610.16,507.41,1422.32,996.34
1184,678.88,536.03,498.81,454.32,610.63,507.83,1424.15,997.15
1185,679.43,536.48,499.22,454.69,611.10,508.26,1424.88,997.97
1186,679.98,536.92,499.61,455.06,611.57,508.68,1425.63,998.78
1187,680.56,537.41,500.02,455.44,612.08,509.11,1427.45,999.62
1188,681.08,537.92,500.44,455.82,612.61,509.53,1429.28,1000.47
1189,681.87,538.46,500.86,456.20,613.19,509.96,1430.54,1001.35
1190,682.39,538.98,501.28,456.59,613.72,510.38,1431.85,1002.21
1191,682.90,539.35,501.68,456.96,614.23,510.81,1433.11,1003.05
1192,683.40,539.72,502.10,457.34,614.73,511.23,1434.97,1003.88
1193,683.92,540.11,502.52,457.73,615.27,511.66,1437.88,1004.74
1194,684.42,540.49,502.93,458.11,615.77,512.08,1438.57,1005.58
1195,685.04,540.86,503.34,458.48,616.28,512.50,1439.86,1006.41
1196,685.66,541.23,503.74,458.86,616.78,512.93,1440.59,1007.25
1197,686.17,541.61,504.15,459.24,617.25,513.35,1441.87,1008.07
1198,686.76,541.98,504.55,459.61,617.72,513.78,1442.60,1008.89
1199,687.35,542.36,504.96,459.99,618.19,514.20,1443.34,1009.70
1200,687.95,542.73,505.36,460.36,618.67,514.63,1444.60,1010.51
1201,688.54,543.11,505.75,460.73,619.14,515.05,1445.28,1011.32
1202,689.05,543.48,506.14,461.10,619.61,515.48,1445.98,1012.13
1203,689.56,543.86,506.53,461.46,620.08,515.90,1446.70,1012.94
1204,690.13,544.23,506.92,461.83,620.55,516.33,1447.44,1013.75
1205,690.71,544.60,507.32,462.20,621.02,516.75,1448.17,1014.57
1206,691.28,544.98,507.71,462.57,621.49,517.18,1448.93,1015.39
1207,691.90,545.35,508.11,462.94,622.00,517.60,1449.67,1016.22
1208,692.42,545.73,508.52,463.32,622.50,518.03,1450.40,1017.05
1209,692.94,546.10,508.93,463.69,622.97,518.45,1451.15,1017.86
1210,693.46,546.48,509.32,464.06,623.44,518.88,1451.87,1018.68
1211,693.98,546.86,509.74,464.44,623.95,519.30,1453.15,1019.52
1212,694.49,547.25,510.15,464.83,624.48,519.73,1453.91,1020.38
1213,695.01,547.64,510.57,465.20,624.99,520.15,1455.22,1021.22
1214,695.79,548.04,510.99,465.59,625.56,520.58,1455.95,1022.10
1215,696.30,548.54,511.39,465.97,626.03,521.00,1457.26,1022.91
1216,696.81,548.92,511.80,466.35,626.53,521.43,1457.99,1023.75
1217,697.43,549.32,512.22,466.73,627.07,521.85,1458.73,1024.60
1218,697.94,549.83,512.63,467.12,627.58,522.27,1459.48,1025.45
1219,698.44,550.20,513.04,467.50,628.08,522.70,1460.76,1026.32
1220,698.95,550.58,513.45,467.87,628.58,523.12,1462.06,1027.16
1221,699.46,550.95,513.85,468.25,629.06,523.55,1462.75,1027.97
1222,699.96,551.33,514.26,468.63,629.53,523.97,1463.47,1028.79
1223,700.54,551.70,514.65,469.00,630.00,524.40,1465.26,1029.60
1224,701.12,552.08,515.04,469.37,630.47,524.82,1467.06,1030.42
1225,701.73,552.45,515.43,469.73,630.94,525.25,1467.78,1031.23
1226,702.31,552.83,515.82,470.10,631.41,525.67,1468.50,1032.04
1227,702.88,553.20,516.22,470.47,631.88,526.10,1469.23,1032.86
1228,703.43,553.58,516.62,470.84,632.35,526.52,1471.03,1033.67
1229,703.94,553.95,517.02,471.21,632.82,526.95,1471.75,1034.49
1230,704.52,554.33,517.41,471.58,633.30,527.37,1472.46,1035.31
1231,705.04,554.70,517.81,471.95,633.77,527.80,1473.73,1036.12
1232,705.55,555.08,518.21,472.33,634.24,528.22,1474.46,1036.94
1233,706.15,555.45,518.61,472.70,634.74,528.65,1476.31,1037.78
1234,706.75,555.83,519.01,473.07,635.21,529.07,1477.07,1038.60
1235,707.38,556.22,519.43,473.45,635.72,529.50,1477.82,1039.45
1236,708.03,556.62,519.85,473.83,636.26,529.92,1479.07,1040.31
1237,708.81,557.15,520.27,474.22,636.79,530.35,1480.31,1041.17
1238,709.60,557.68,520.69,474.61,637.33,530.77,1481.05,1042.02
1239,710.10,558.18,521.09,474.98,637.80,531.20,1482.35,1042.84
1240,710.61,558.55,521.50,475.36,638.31,531.62,1483.68,1043.68
1241,711.12,558.95,521.92,475.75,638.84,532.05,1485.01,1044.55
1242,711.75,559.57,522.33,476.13,639.35,532.47,1485.72,1045.38
1243,712.27,560.05,522.74,476.51,639.85,532.90,1486.45,1046.22
1244,712.91,560.52,523.15,476.89,640.32,533.32,1487.18,1047.03
1245,713.56,560.98,523.54,477.26,640.79,533.75,1487.87,1047.85
1246,714.17,561.45,523.93,477.63,641.27,534.17,1488.58,1048.71
1247,714.77,561.90,524.33,478.00,641.74,534.60,1489.30,1049.52
1248,715.35,562.35,524.73,478.37,642.21,535.02,1490.00,1050.32
1249,715.92,562.80,525.13,478.74,642.68,535.45,1491.28,1051.14
1250,716.47,563.24,525.52,479.11,643.15,535.87,1492.04,1051.99
1251,717.03,563.68,525.92,479.48,643.62,536.30,1492.77,1052.80
1252,717.67,564.11,526.32,479.85,644.13,536.72,1494.04,1053.63
1253,718.27,564.54,526.71,480.22,644.60,537.15,1494.76,1054.45
1254,718.91,564.98,527.12,480.59,645.07,537.57,1495.49,1055.26
1255,719.42,565.40,527.53,480.97,645.57,538.00,1496.77,1056.07
1256,720.08,565.85,527.94,481.34,646.08,538.42,1498.06,1056.94
1257,720.65,566.31,528.35,481.72,646.58,538.85,1499.32,1057.78
1258,721.18,566.78,528.76,482.10,647.09,539.27,1501.18,1058.61
1259,721.72,567.27,529.18,482.48,647.62,539.70,1502.97,1059.47
1260,722.50,567.76,529.60,482.87,648.16,540.12,1504.77,1060.32
1261,723.28,568.25,530.02,483.25,648.70,540.55,1505.47,1061.18
1262,723.92,568.74,530.44,483.64,649.20,540.97,1506.22,1062.01
1263,724.71,569.27,530.86,484.04,649.78,541.40,1508.09,1062.90
1264,725.49,569.68,531.26,484.42,650.25,541.82,1508.78,1063.71
1265,726.09,570.11,531.67,484.81,650.75,542.25,1509.52,1064.54
1266,726.68,570.56,532.08,485.19,651.22,542.67,1510.77,1065.36
1267,727.30,571.02,532.49,485.57,651.69,543.10,1511.49,1066.17
1268,727.95,571.50,532.89,485.95,652.20,543.52,1513.28,1067.01
1269,728.59,571.96,533.30,486.33,652.70,543.95,1514.54,1067.85
1270,729.23,572.44,533.71,486.71,653.17,544.37,1516.38,1068.67
1271,729.77,572.92,534.11,487.08,653.64,544.80,1518.17,1069.48
1272,730.40,573.40,534.52,487.47,654.12,545.22,1521.13,1070.29
1273,731.04,573.87,534.93,487.85,654.62,545.65,1521.86,1071.13
1274,731.71,574.35,535.35,488.23,655.12,546.07,1523.15,1072.01
1275,732.42,574.84,535.76,488.62,655.63,546.50,1523.88,1072.84
1276,733.20,575.32,536.17,489.00,656.13,546.92,1524.60,1073.67
1277,733.85,575.81,536.59,489.39,656.64,547.35,1526.42,1074.51
1278,734.54,576.30,537.00,489.77,657.14,547.77,1528.74,1075.34
1279,735.33,576.79,537.42,490.16,657.65,548.20,1530.05,1076.18
1280,736.03,577.28,537.84,490.54,658.15,548.62,1531.32,1077.06
1281,736.80,577.77,538.25,490.92,658.65,549.05,1533.16,1077.89
1282,737.57,578.27,538.67,491.31,659.19,549.47,1534.43,1078.74
1283,738.83,579.09,539.35,491.93,660.05,550.12,1537.36,1080.27
1284,740.08,579.63,539.77,492.32,660.62,550.55,1539.20,1081.19
1285,741.21,580.16,540.20,492.70,661.19,550.97,1539.94,1082.08
1286,742.33,580.96,540.85,493.29,661.98,551.62,1542.33,1083.57
1287,743.54,581.75,541.49,493.88,662.76,552.27,1544.14,1085.03
1288,744.72,582.53,542.14,494.47,663.55,552.93,1545.95,1086.51
1289,745.90,583.32,542.78,494.86,664.34,553.58,1546.69,1088.02
1290,747.10,583.85,543.20,495.24,664.88,554.00,1547.44,1088.91
1291,747.90,584.36,543.63,495.63,665.41,554.43,1548.16,1089.77
1292,748.69,584.88,544.05,496.01,665.95,554.85,1549.46,1090.63
1293,749.49,585.39,544.47,496.40,666.49,555.28,1550.19,1091.49
1294,750.27,585.91,544.90,496.78,667.03,555.70,1552.03,1092.35
1295,751.05,586.41,545.32,497.16,667.56,556.13,1553.34,1093.21
1296,751.84,586.91,545.74,497.55,668.10,556.55,1554.61,1094.13
1297,752.63,587.42,546.16,497.93,668.64,556.98,1555.88,1095.03
1298,753.41,587.92,546.58,498.31,669.18,557.40,1558.30,1095.87
1299,754.19,588.42,547.00,498.69,669.68,557.83,1560.12,1096.71
1300,754.97,588.91,547.42,499.07,670.19,558.25,1563.05,1097.59
1301,755.76,589.40,547.83,499.45,670.69,558.67,1563.78,1098.43
1302,756.54,589.89,548.25,499.83,671.20,559.10,1564.51,1099.27
1303,757.66,590.38,548.67,500.21,671.70,559.52,1566.33,1100.11
1304,758.44,590.87,549.08,500.59,672.21,559.95,1569.27,1100.94
1305,759.21,591.36,549.50,500.97,672.71,560.37,1571.68,1101.78
1306,759.98,591.84,549.91,501.35,673.22,560.80,1574.09,1102.64
1307,760.75,592.31,550.33,501.73,673.72,561.22,1574.82,1103.52
1308,761.56,592.79,550.74,502.11,674.22,561.65,1576.08,1104.36
1309,762.35,593.27,551.16,502.49,674.73,562.07,1576.78,1105.21
1310,763.14,593.75,551.57,502.87,675.23,562.50,1577.51,1106.08
1311,763.94,594.22,551.98,503.25,675.74,562.92,1578.86,1106.92
1312,764.73,594.70,552.39,503.62,676.24,563.35,1581.25,1107.75
1313,765.53,595.18,552.80,504.00,676.75,563.77,1583.10,1108.60
1314,766.33,595.66,553.21,504.38,677.25,564.20,1584.37,1109.47
1315,767.12,596.13,553.62,504.75,677.75,564.62,1586.20,1110.32
1316,767.91,596.60,554.03,505.13,678.26,565.05,1587.51,1111.17
1317,768.70,597.06,554.44,505.50,678.76,565.47,1589.29,1112.05
1318,769.42,597.53,554.85,505.88,679.27,565.90,1591.10,1112.89
1319,770.22,597.99,555.26,506.26,679.77,566.32,1593.49,1113.77
1320,771.00,598.47,555.67,506.63,680.28,566.75,1594.21,1114.62
1321,771.78,598.95,556.08,507.01,680.78,567.17,1595.48,1115.49
1322,772.56,599.44,556.50,507.39,681.29,567.60,1596.21,1116.34
1323,773.35,599.92,556.92,507.77,681.82,568.02,1598.02,1117.22
1324,774.13,600.40,557.34,508.15,682.33,568.45,1599.87,1118.05
1325,774.91,600.88,557.75,508.52,682.83,568.87,1600.57,1118.89
1326,775.62,601.36,558.15,508.90,683.34,569.30,1601.29,1119.74
1327,776.15,601.82,558.56,509.27,683.84,569.72,1602.55,1120.62
1328,776.67,602.29,558.96,509.66,684.31,570.15,1603.28,1121.42
1329,777.17,602.74,559.37,510.04,684.78,570.57,1604.59,1122.25
1330,777.67,603.19,559.77,510.43,685.25,571.00,1605.88,1123.11
1331,778.18,603.63,560.18,510.81,685.72,571.42,1606.61,1123.92
1332,778.68,604.07,560.58,511.18,686.19,571.85,1607.35,1124.73
1333,779.19,604.50,560.97,511.54,686.66,572.27,1608.65,1125.55
1334,779.69,604.92,561.36,511.91,687.10,572.65,1609.38,1126.34
1335,780.20,605.35,561.75,512.28,687.57,573.08,1610.14,1127.14
1336,780.71,605.78,562.14,512.65,688.01,573.46,1611.41,1127.97
1337,781.21,606.19,562.54,513.01,688.45,573.84,1612.17,1128.77
1338,781.74,606.60,562.93,513.38,688.89,574.22,1612.90,1129.57
1339,782.24,607.03,563.31,513.75,689.32,574.60,1613.61,1130.40
1340,782.76,607.46,563.70,514.12,689.76,574.98,1614.37,1131.20
1341,783.27,607.88,564.09,514.49,690.20,575.37,1615.64,1132.00
1342,783.79,608.31,564.47,514.85,690.64,575.75,1616.33,1132.79
1343,784.30,608.74,564.86,515.21,691.07,576.13,1617.05,1133.59
1344,784.82,609.16,565.24,515.58,691.51,576.51,1618.31,1134.42
1345,785.34,609.59,565.63,515.94,691.95,576.89,1620.10,1135.22
1346,785.84,610.02,566.01,516.30,692.39,577.27,1621.36,1136.02
1347,786.35,610.44,566.40,516.66,692.83,577.65,1622.07,1136.81
1348,786.85,610.87,566.78,517.02,693.26,578.03,1622.75,1137.60
1349,787.35,611.31,567.16,517.39,693.70,578.42,1625.73,1138.41
1350,787.85,611.76,567.55,517.75,694.14,578.80,1626.47,1139.24
1351,788.35,612.21,567.94,518.12,694.58,579.18,1627.19,1140.04
1352,788.86,612.68,568.32,518.48,695.01,579.56,1627.94,1140.84
1353,789.36,613.15,568.70,518.84,695.45,579.94,1629.19,1141.67
1354,789.86,613.64,569.09,519.20,695.89,580.32,1629.91,1142.47
1355,790.37,614.15,569.47,519.56,696.33,580.70,1631.16,1143.28
1356,790.89,614.64,569.86,519.92,696.77,581.09,1632.46,1144.11
1357,791.40,615.13,570.24,520.28,697.20,581.47,1633.80,1144.91
1358,791.91,615.62,570.63,520.64,697.64,581.85,1634.53,1145.70
1359,792.42,616.11,571.01,521.00,698.08,582.23,1635.79,1146.50
1360,792.94,616.60,571.40,521.36,698.52,582.61,1637.05,1147.31
1361,793.44,617.09,571.79,521.73,698.95,582.99,1637.81,1148.15
1362,793.94,617.58,572.17,522.09,699.39,583.37,1638.54,1148.95
1363,794.44,618.07,572.55,522.45,699.83,583.75,1639.80,1149.74
1364,794.95,618.56,572.94,522.81,700.27,584.14,1641.05,1150.54
1365,795.46,619.05,573.32,523.17,700.71,584.52,1641.78,1151.35
1366,795.97,619.54,573.70,523.53,701.14,584.90,1643.08,1152.19
1367,796.47,620.03,574.08,523.89,701.58,585.28,1643.79,1153.00
1368,796.97,620.52,574.46,524.25,702.02,585.66,1644.47,1153.82
1369,797.47,621.01,574.83,524.61,702.46,586.04,1645.20,1154.62
1370,797.97,621.50,575.22,524.97,702.93,586.42,1647.03,1155.45
1371,798.47,621.99,575.61,525.34,703.40,586.81,1648.28,1156.30
1372,798.98,622.48,576.00,525.70,703.84,587.19,1648.99,1157.13
1373,799.49,622.97,576.38,526.06,704.27,587.57,1649.67,1157.98
1374,800.00,623.45,576.77,526.42,704.71,587.95,1652.09,1158.82
1375,800.51,623.90,577.15,526.78,705.15,588.33,1653.35,1159.62
1376,801.03,624.33,577.53,527.14,705.59,588.71,1655.14,1160.42
1377,801.53,624.83,577.92,527.55,706.09,589.14,1655.85,1161.27
1378,802.06,625.39,578.33,527.93,706.60,589.56,1656.54,1162.11
1379,802.57,626.05,578.72,528.30,707.07,589.99,1657.25,1162.93
1380,803.09,626.76,579.11,528.66,707.50,590.37,1659.06,1163.73
1381,803.61,627.15,579.49,529.03,707.94,590.75,1659.75,1164.54
1382,804.13,627.53,579.89,529.39,708.41,591.17,1661.55,1165.37
1383,804.64,627.92,580.27,529.76,708.85,591.56,1664.43,1166.21
1384,805.16,628.31,580.66,530.12,709.29,591.94,1665.15,1167.01
1385,805.67,628.69,581.05,530.48,709.73,592.32,1665.86,1167.81
1386,806.17,629.08,581.44,530.85,710.16,592.70,1667.12,1168.62
1387,806.68,629.47,581.83,531.21,710.60,593.08,1667.84,1169.47
1388,807.19,629.85,582.22,531.58,711.04,593.46,1668.56,1170.31
1389,807.69,630.24,582.61,531.95,711.48,593.84,1669.30,1171.12
1390,808.19,630.63,582.99,532.30,711.92,594.22,1670.53,1171.93
1391,808.69,631.02,583.37,532.66,712.35,594.61,1672.33,1172.74
1392,809.19,631.40,583.74,533.02,712.79,594.99,1673.64,1173.53
1393,809.69,631.79,584.12,533.38,713.23,595.37,1675.51,1174.35
1394,810.20,632.18,584.50,533.74,713.67,595.75,1676.82,1175.19
1395,810.70,632.56,584.88,534.10,714.10,596.13,1678.09,1176.00
1396,811.21,632.95,585.26,534.46,714.54,596.51,1679.36,1176.80
1397,811.72,633.34,585.63,534.82,714.98,596.89,1680.08,1177.61
1398,812.22,633.72,586.01,535.18,715.42,597.28,1681.94,1178.46
1399,812.72,634.11,586.39,535.54,715.86,597.66,1682.66,1179.26
1400,813.22,634.50,586.77,535.90,716.29,598.04,1683.96,1180.07
1401,813.73,634.88,587.15,536.26,716.73,598.42,1685.82,1180.87
1402,814.23,635.27,587.53,536.62,717.17,598.80,1687.09,1181.69
1403,814.74,635.66,587.91,536.98,717.61,599.18,1687.80,1182.53
1404,815.25,636.05,588.29,537.34,718.04,599.56,1688.49,1183.34
1405,815.75,636.43,588.67,537.70,718.48,599.94,1689.77,1184.15
1406,816.25,636.82,589.04,538.06,718.92,600.33,1690.46,1184.96
1407,816.75,637.21,589.42,538.42,719.36,600.71,1691.19,1185.77
1408,817.26,637.59,589.80,538.78,719.80,601.09,1691.91,1186.58
1409,817.76,637.98,590.19,539.14,720.23,601.47,1692.59,1187.40
1410,818.27,638.37,590.57,539.49,720.67,601.85,1693.27,1188.26
1411,818.77,638.75,590.95,539.85,721.11,602.23,1694.54,1189.10
1412,819.27,639.14,591.33,540.21,721.55,602.61,1695.26,1189.91
1413,819.78,639.53,591.70,540.57,721.98,603.00,1695.98,1190.73
1414,820.28,639.91,592.09,540.93,722.42,603.38,1696.70,1191.58
1415,820.78,640.30,592.47,541.29,722.86,603.76,1697.46,1192.39
1416,821.28,640.69,592.86,541.66,723.33,604.18,1698.20,1193.23
1417,821.79,641.08,593.25,542.02,723.80,604.57,1698.93,1194.11
1418,822.30,641.46,593.64,542.38,724.27,604.99,1699.62,1194.92
1419,822.80,641.85,594.02,542.75,724.71,605.37,1700.89,1195.74
1420,823.30,642.24,594.41,543.11,725.15,605.75,1701.61,1196.59
1421,823.81,642.62,594.79,543.47,725.59,606.13,1702.28,1197.40
1422,824.31,643.01,595.18,543.83,726.03,606.52,1702.98,1198.21
1423,824.82,643.40,595.56,544.19,726.46,606.90,1703.74,1199.02
1424,825.32,643.78,595.93,544.54,726.90,607.28,1704.46,1199.83
1425,825.82,644.17,596.34,544.93,727.41,607.70,1705.18,1200.70
1426,826.33,644.56,596.73,545.29,727.84,608.08,1706.44,1201.56
1427,826.84,644.95,597.11,545.65,728.28,608.47,1707.19,1202.42
1428,827.35,645.33,597.50,546.02,728.75,608.89,1708.43,1203.29
1429,827.86,645.72,597.88,546.38,729.22,609.32,1709.67,1204.14
1430,828.36,646.11,598.27,546.75,729.70,609.74,1710.96,1205.01
1431,828.87,646.49,598.66,547.11,730.17,610.17,1712.22,1205.85
1432,829.38,646.88,599.05,547.47,730.60,610.55,1712.97,1206.67
1433,829.89,647.27,599.44,547.84,731.04,610.93,1715.87,1207.53
1434,830.39,647.65,599.82,548.20,731.48,611.31,1717.11,1208.38
1435,830.89,648.04,600.20,548.56,731.92,611.69,1717.85,1209.21
1436,831.39,648.43,600.59,548.92,732.36,612.07,1718.61,1210.06
1437,831.90,648.82,600.97,549.28,732.80,612.46,1720.99,1210.88
1438,832.40,649.20,601.35,549.64,733.23,612.84,1722.81,1211.73
1439,832.90,649.59,601.74,550.00,733.67,613.22,1723.52,1212.56
1440,833.40,649.98,602.12,550.37,734.11,613.60,1725.27,1213.41
1441,833.90,650.36,602.50,550.73,734.55,613.98,1726.54,1214.24
1442,834.40,650.75,602.88,551.09,734.99,614.36,1727.30,1215.09
1443,834.90,651.14,603.27,551.46,735.43,614.74,1728.04,1215.91
1444,835.41,651.52,603.65,551.82,735.86,615.13,1728.76,1216.73
1445,835.91,651.91,604.04,552.19,736.30,615.51,1729.47,1217.60
1446,836.41,652.30,604.42,552.55,736.74,615.89,1730.19,1218.45
1447,836.91,652.69,604.80,552.91,737.18,616.27,1730.90,1219.27
1448,837.41,653.07,605.18,553.27,737.62,616.65,1731.60,1220.09
1449,837.92,653.46,605.56,553.63,738.05,617.03,1732.84,1220.91
1450,838.42,653.85,605.94,553.99,738.49,617.42,1734.13,1221.77
1451,838.92,654.23,606.33,554.35,738.93,617.80,1736.50,1222.59
1452,839.43,654.62,606.71,554.71,739.37,618.18,1737.22,1223.42
1453,839.93,655.01,607.08,555.08,739.81,618.56,1738.51,1224.27
1454,840.44,655.40,607.46,555.44,740.25,618.94,1739.27,1225.09
1455,840.94,655.78,607.85,555.80,740.68,619.32,1739.99,1225.90
1456,841.44,656.17,608.24,556.17,741.12,619.70,1741.26,1226.72
1457,841.93,656.56,608.62,556.53,741.56,620.09,1742.50,1227.54
1458,842.43,656.94,609.01,556.89,742.00,620.47,1743.79,1228.36
1459,842.93,657.33,609.40,557.26,742.44,620.85,1745.11,1229.19
1460,843.43,657.72,609.78,557.62,742.87,621.23,1745.83,1230.05
1461,843.93,658.11,610.17,557.99,743.35,621.66,1747.16,1230.89
1462,844.43,658.49,610.57,558.36,743.82,622.08,1748.44,1231.73
1463,844.94,658.88,610.96,558.73,744.29,622.51,1749.13,1232.57
1464,845.44,659.27,611.36,559.10,744.76,622.93,1749.83,1233.41
1465,845.96,659.65,611.76,559.47,745.23,623.36,1750.55,1234.26
1466,846.47,660.04,612.14,559.84,745.70,623.74,1751.25,1235.10
1467,846.98,660.43,612.54,560.21,746.17,624.16,1751.98,1235.94
1468,847.48,660.81,612.94,560.58,746.64,624.59,1753.27,1236.78
1469,847.98,661.20,613.34,560.95,747.12,625.01,1754.03,1237.62
1470,848.48,661.59,613.73,561.32,747.55,625.39,1754.74,1238.44
1471,848.98,661.98,614.12,561.68,747.99,625.77,1755.46,1239.27
1472,849.48,662.36,614.51,562.05,748.46,626.20,1756.74,1240.15
1473,849.98,662.75,614.91,562.42,748.94,626.62,1757.42,1241.00
1474,850.48,663.14,615.30,562.78,749.41,627.05,1759.26,1241.88
1475,850.98,663.52,615.69,563.15,749.85,627.43,1759.97,1242.71
1476,851.48,663.91,616.08,563.51,750.28,627.81,1760.67,1243.58
1477,851.99,664.30,616.46,563.88,750.72,628.19,1761.38,1244.44
1478,852.48,664.69,616.84,564.24,751.16,628.58,1762.08,1245.25
1479,852.98,665.07,617.22,564.60,751.60,628.96,1762.80,1246.08
1480,853.48,665.46,617.60,564.96,752.04,629.34,1763.52,1246.89
1481,853.98,665.85,617.99,565.32,752.47,629.72,1764.79,1247.71
1482,854.49,666.23,618.37,565.68,752.91,630.10,1765.51,1248.53
1483,854.99,666.62,618.76,566.05,753.35,630.48,1766.25,1249.35
1484,855.50,667.01,619.15,566.41,753.79,630.87,1768.62,1250.18
1485,856.01,667.41,619.54,566.78,754.26,631.29,1769.93,1251.07
1486,856.52,667.81,619.93,567.15,754.73,631.72,1771.20,1251.97
1487,857.03,668.21,620.32,567.51,755.17,632.10,1772.50,1252.82
1488,857.53,668.61,620.71,567.88,755.61,632.48,1773.76,1253.65
1489,858.05,669.01,621.10,568.24,756.05,632.86,1774.48,1254.54
1490,858.56,669.42,621.48,568.60,756.49,633.24,1775.75,1255.37
1491,859.08,669.83,621.86,568.96,756.92,633.62,1776.43,1256.20
1492,859.59,670.24,622.25,569.33,757.36,634.01,1777.16,1257.05
1493,860.10,670.65,622.64,569.69,757.80,634.39,1777.87,1257.88
1494,860.60,671.06,623.03,570.06,758.27,634.81,1779.14,1258.72
1495,861.11,671.49,623.42,570.42,758.74,635.24,1779.85,1259.56
1496,861.62,671.91,623.81,570.79,759.22,635.66,1781.13,1260.42
1497,862.13,672.33,624.21,571.17,759.72,636.09,1782.98,1261.32
1498,862.63,672.76,624.61,571.54,760.19,636.51,1783.71,1262.18
1499,863.14,673.18,625.01,571.91,760.66,636.94,1784.43,1263.06
1500,863.65,673.61,625.39,572.27,761.10,637.32,1785.68,1263.89
1501,864.16,674.04,625.78,572.64,761.57,637.74,1788.04,1264.75
1502,864.67,674.48,626.18,573.00,762.01,638.13,1788.72,1265.62
1503,865.17,674.91,626.56,573.37,762.45,638.51,1790.01,1266.49
1504,865.67,675.35,626.95,573.73,762.89,638.89,1791.84,1267.36
1505,866.17,675.80,627.34,574.09,763.33,639.27,1793.15,1268.20
1506,866.67,676.26,627.72,574.46,763.77,639.65,1793.87,1269.06
1507,867.18,676.72,628.11,574.82,764.20,640.03,1795.71,1269.89
1508,867.69,677.19,628.49,575.18,764.64,640.41,1796.40,1270.71
1509,868.20,677.67,628.88,575.54,765.08,640.80,1797.12,1271.53
1510,868.70,678.15,629.25,575.90,765.52,641.18,1798.41,1272.36
1511,869.21,678.65,629.63,576.26,765.96,641.56,1799.13,1273.19
1512,869.71,679.14,630.01,576.62,766.39,641.94,1800.43,1274.02
1513,870.22,679.65,630.40,576.98,766.83,642.32,1801.72,1274.84
1514,870.73,680.18,630.79,577.35,767.30,642.75,1802.41,1275.70
1515,871.24,680.71,631.18,577.71,767.74,643.13,1803.13,1276.57
1516,871.75,681.26,631.56,578.08,768.18,643.51,1805.51,1277.40
1517,872.25,681.81,631.96,578.44,768.62,643.89,1806.27,1278.24
1518,872.75,682.41,632.35,578.81,769.06,644.27,1807.02,1279.10
1519,873.26,683.18,632.74,579.18,769.53,644.65,1808.36,1279.93
1520,873.77,683.56,633.13,579.54,769.97,645.08,1810.20,1280.76
1521,874.27,683.93,633.52,579.91,770.44,645.46,1810.94,1281.62
1522,874.78,684.32,633.92,580.28,770.91,645.89,1811.67,1282.52
1523,875.28,684.71,634.33,580.65,771.38,646.31,1812.92,1283.42
1524,875.79,685.10,634.74,581.03,771.85,646.74,1813.65,1284.27
1525,876.29,685.48,635.13,581.40,772.32,647.16,1814.90,1285.14
1526,876.80,685.87,635.53,581.77,772.79,647.59,1815.63,1286.03
1527,877.30,686.26,635.91,582.13,773.23,647.97,1817.98,1286.87
1528,877.80,686.65,636.31,582.50,773.70,648.39,1818.70,1287.72
1529,878.31,687.04,636.70,582.87,774.17,648.82,1819.99,1288.58
1530,878.81,687.41,637.09,583.23,774.65,649.20,1821.78,1289.42
1531,879.31,687.79,637.47,583.60,775.08,649.58,1823.61,1290.27
1532,879.81,688.16,637.85,583.96,775.52,649.96,1825.41,1291.19
1533,880.31,688.54,638.24,584.32,775.99,650.39,1826.70,1292.06
1534,880.81,688.91,638.63,584.69,776.43,650.77,1828.52,1292.95
1535,881.31,689.29,639.02,585.05,776.87,651.15,1829.81,1293.79
1536,881.81,689.67,639.41,585.42,777.34,651.58,1831.08,1294.66
1537,882.31,690.04,639.81,585.79,777.81,652.00,1831.80,1295.52
1538,882.81,690.42,640.20,586.16,778.28,652.43,1832.55,1296.39
1539,883.31,690.79,640.59,586.52,778.76,652.81,1833.78,1297.27
1540,883.81,691.17,640.99,586.89,779.23,653.23,1834.51,1298.18
1541,884.31,691.54,641.39,587.26,779.70,653.66,1835.79,1299.06
1542,884.81,691.92,641.76,587.62,780.14,654.04,1837.57,1299.96
1543,885.31,692.30,642.15,587.99,780.61,654.47,1838.80,1300.87
1544,885.81,692.67,642.55,588.35,781.08,654.89,1840.60,1301.80
1545,886.32,693.05,642.94,588.72,781.52,655.27,1841.30,1302.68
1546,886.82,693.44,643.34,589.09,782.02,655.70,1842.59,1303.59
1547,887.32,693.82,643.74,589.46,782.53,656.12,1844.99,1304.52
1548,887.83,694.21,644.13,589.83,783.00,656.55,1846.31,1305.40
1549,888.33,694.60,644.52,590.20,783.47,656.97,1847.62,1306.29
1550,888.83,694.99,644.90,590.55,783.91,657.35,1848.88,1307.17
1551,889.34,695.38,645.29,590.92,784.35,657.74,1850.10,1308.03
1552,889.85,695.76,645.69,591.29,784.82,658.16,1851.36,1308.90
1553,890.35,696.17,646.09,591.66,785.26,658.54,1852.67,1309.75
1554,890.86,696.57,646.50,592.03,785.73,658.97,1853.40,1310.63
1555,891.36,696.97,646.89,592.40,786.17,659.35,1854.63,1311.52
1556,891.87,697.37,647.28,592.76,786.61,659.73,1855.35,1312.38
1557,892.37,697.77,647.65,593.12,787.05,660.11,1856.07,1313.29
1558,892.88,698.18,648.05,593.48,787.52,660.54,1857.36,1314.20
1559,893.38,698.59,648.44,593.85,787.96,660.92,1858.67,1315.06
1560,893.88,698.99,648.82,594.21,788.39,661.30,1860.51,1315.92
1561,894.38,699.44,649.23,594.59,788.90,661.72,1862.29,1316.83
